city,date,period,from,to,prob,prob_l,prob_u,fraction
Atlanta,2020-01-01,1,Clouds,Clouds,0.2492592336947156,0.20048001293168913,0.29548449920616177,0.15793744406135804
Atlanta,2020-01-01,1,Clouds,Rain,0.44280165580253306,0.38087730835046335,0.5023634703203138,0.15793744406135804
Atlanta,2020-01-01,1,Clouds,Snow,0.013323425710473558,0.00550470477237384,0.025255856017181208,0.15793744406135804
Atlanta,2020-01-01,1,Clouds,Sun,0.29512414064856296,0.2430923473246478,0.3521647098073727,0.15793744406135804
Atlanta,2020-01-01,1,Rain,Clouds,0.16807377333098827,0.14043534245248446,0.19840378327639935,0.3455904398731104
Atlanta,2020-01-01,1,Rain,Rain,0.48421792838710964,0.44496036747556555,0.5252446048620192,0.3455904398731104
Atlanta,2020-01-01,1,Rain,Snow,0.017863973359667128,0.01090102567653365,0.026697851284802235,0.3455904398731104
Atlanta,2020-01-01,1,Rain,Sun,0.32749976998376207,0.29156735976614345,0.36513953524124426,0.3455904398731104
Atlanta,2020-01-01,1,Snow,Clouds,0.11130808207841637,0.05042213964775029,0.2040774530523018,0.019066444872477804
Atlanta,2020-01-01,1,Snow,Rain,0.2032259751336445,0.10116927527570047,0.30311891250252343,0.019066444872477804
Atlanta,2020-01-01,1,Snow,Snow,0.20680070986625115,0.10818532905803663,0.32015439138073876,0.019066444872477804
Atlanta,2020-01-01,1,Snow,Sun,0.4717733984254626,0.3446926431874268,0.6015205320830901,0.019066444872477804
Atlanta,2020-01-01,1,Sun,Clouds,0.12174182077008182,0.101523639790427,0.1429540873645624,0.47740567119305377
Atlanta,2020-01-01,1,Sun,Rain,0.21765155309466427,0.19048241355142045,0.24660821982670247,0.47740567119305377
Atlanta,2020-01-01,1,Sun,Snow,0.014277753839101806,0.009138261931457801,0.021006610780980924,0.47740567119305377
Atlanta,2020-01-01,1,Sun,Sun,0.6449115907566954,0.6133676329663382,0.6761884631493152,0.47740567119305377
Atlanta,2020-01-08,2,Clouds,Clouds,0.25031692612158585,0.2007031323863002,0.29864514270409404,0.1582628909252473
Atlanta,2020-01-08,2,Clouds,Rain,0.43665664560191286,0.37044176689839964,0.49973055656238174,0.1582628909252473
Atlanta,2020-01-08,2,Clouds,Snow,0.013694000463516393,0.005753174167582998,0.02647447159054163,0.1582628909252473
Atlanta,2020-01-08,2,Clouds,Sun,0.30034077267909426,0.24468044066345357,0.3577546087674308,0.1582628909252473
Atlanta,2020-01-08,2,Rain,Clouds,0.17110115989571648,0.14128618610412508,0.20216946852951304,0.3451370180538715
Atlanta,2020-01-08,2,Rain,Rain,0.4815913477682414,0.4405375437301861,0.5239361269664223,0.3451370180538715
Atlanta,2020-01-08,2,Rain,Snow,0.01851327868857595,0.011256544897071192,0.027694946530234833,0.3451370180538715
Atlanta,2020-01-08,2,Rain,Sun,0.3275094522519181,0.29043564528752797,0.3675352476232113,0.3451370180538715
Atlanta,2020-01-08,2,Snow,Clouds,0.10188098920348407,0.04662261493473399,0.185419448545964,0.019781493951643022
Atlanta,2020-01-08,2,Snow,Rain,0.18814892302238156,0.10025552899165488,0.2814331265758132,0.019781493951643022
Atlanta,2020-01-08,2,Snow,Snow,0.20901255590944656,0.11965521074716041,0.3146186492621066,0.019781493951643022
Atlanta,2020-01-08,2,Snow,Sun,0.49495928188380217,0.3755496621137346,0.6007540973075183,0.019781493951643022
Atlanta,2020-01-08,2,Sun,Clouds,0.12043192488287477,0.09957836002836995,0.14220162783397217,0.4768185970692382
Atlanta,2020-01-08,2,Sun,Rain,0.22179816402616237,0.19351985506152486,0.2529304101397152,0.4768185970692382
Atlanta,2020-01-08,2,Sun,Snow,0.014829075383065242,0.009327203305190705,0.021910149028425915,0.4768185970692382
Atlanta,2020-01-08,2,Sun,Sun,0.641742526299881,0.6094668101048186,0.676084497918256,0.4768185970692382
Atlanta,2020-01-15,3,Clouds,Clouds,0.2474427250568371,0.19956695477134956,0.29981782568628096,0.15732764338780147
Atlanta,2020-01-15,3,Clouds,Rain,0.4334220822062743,0.36476009888712796,0.4938901318064953,0.15732764338780147
Atlanta,2020-01-15,3,Clouds,Snow,0.013999313937583455,0.006080071224494855,0.027092759664578657,0.15732764338780147
Atlanta,2020-01-15,3,Clouds,Sun,0.3061549189710874,0.2487310308640157,0.36207537258267214,0.15732764338780147
Atlanta,2020-01-15,3,Rain,Clouds,0.1722168777613231,0.14036102652362306,0.20292347609877842,0.34298028912969275
Atlanta,2020-01-15,3,Rain,Rain,0.47773830011747176,0.43586247743702566,0.5218099539677469,0.34298028912969275
Atlanta,2020-01-15,3,Rain,Snow,0.018830383999260875,0.011464919572430858,0.02820322047105666,0.34298028912969275
Atlanta,2020-01-15,3,Rain,Sun,0.3312752356301468,0.29259966253906716,0.37380740747416297,0.34298028912969275
Atlanta,2020-01-15,3,Snow,Clouds,0.09461211709096573,0.04541699095025986,0.1727457414043994,0.0201369805802645
Atlanta,2020-01-15,3,Snow,Rain,0.17597697340050783,0.09552510046522247,0.26935289052386946,0.0201369805802645
Atlanta,2020-01-15,3,Snow,Snow,0.21067110476573475,0.12566457811343257,0.31721700050329066,0.0201369805802645
Atlanta,2020-01-15,3,Snow,Sun,0.5123978081173088,0.40224948278743394,0.624237831338054,0.0201369805802645
Atlanta,2020-01-15,3,Sun,Clouds,0.11948044684121942,0.0990620803454497,0.14269327782883517,0.4795550869022413
Atlanta,2020-01-15,3,Sun,Rain,0.22335830476688917,0.19599113744017577,0.2554303804053678,0.4795550869022413
Atlanta,2020-01-15,3,Sun,Snow,0.015050065285098353,0.009368086299941148,0.022123435477290614,0.4795550869022413
Atlanta,2020-01-15,3,Sun,Sun,0.6402977121223123,0.6074469972004142,0.6748961496480519,0.4795550869022413
Atlanta,2020-01-22,4,Clouds,Clouds,0.2417956462209141,0.19305285498170172,0.29497238293906214,0.15518657611983766
Atlanta,2020-01-22,4,Clouds,Rain,0.43269269559302787,0.36744318054422453,0.48808760347914876,0.15518657611983766
Atlanta,2020-01-22,4,Clouds,Snow,0.014263447074286721,0.006277421762837493,0.027120469506474787,0.15518657611983766
Atlanta,2020-01-22,4,Clouds,Sun,0.3114661582675498,0.25450214527711773,0.36721490841564386,0.15518657611983766
Atlanta,2020-01-22,4,Rain,Clouds,0.17024037629424893,0.14050872258455188,0.20072574953786304,0.3399881695062039
Atlanta,2020-01-22,4,Rain,Rain,0.4724106188005901,0.4326961559144502,0.5171399792742799,0.3399881695062039
Atlanta,2020-01-22,4,Rain,Snow,0.018637689053788317,0.011361043345195065,0.027880822488925455,0.3399881695062039
Atlanta,2020-01-22,4,Rain,Sun,0.33730998424582936,0.2999801005767059,0.37954876875139254,0.3399881695062039
Atlanta,2020-01-22,4,Snow,Clouds,0.08861861515802016,0.042817331014745816,0.1644802954607552,0.020108834361930995
Atlanta,2020-01-22,4,Snow,Rain,0.1630600036994565,0.08912947671958703,0.2559633337801574,0.020108834361930995
Atlanta,2020-01-22,4,Snow,Snow,0.214319221380488,0.12754958033023023,0.3151528641400264,0.020108834361930995
Atlanta,2020-01-22,4,Snow,Sun,0.5271906536484441,0.42044277614155623,0.6341436967019738,0.020108834361930995
Atlanta,2020-01-22,4,Sun,Clouds,0.11932441261192511,0.100432782588368,0.14346457798690954,0.4847164200120274
Atlanta,2020-01-22,4,Sun,Rain,0.22402832225292457,0.1957771364025805,0.25385646252878685,0.4847164200120274
Atlanta,2020-01-22,4,Sun,Snow,0.014911659924563246,0.009300129671487202,0.02185881938690557,0.4847164200120274
Atlanta,2020-01-22,4,Sun,Sun,0.6407656593988518,0.6097915836328927,0.6742656076683509,0.4847164200120274
Atlanta,2020-01-29,5,Clouds,Clouds,0.2361751996400561,0.18888638011671127,0.2874008471166618,0.15320852491979947
Atlanta,2020-01-29,5,Clouds,Rain,0.4330836096261113,0.37346688201057276,0.4848316351048873,0.15320852491979947
Atlanta,2020-01-29,5,Clouds,Snow,0.01458088697779649,0.006259276844420653,0.027026901150473924,0.15320852491979947
Atlanta,2020-01-29,5,Clouds,Sun,0.3163331903932415,0.26293433965425084,0.3692317925026829,0.15320852491979947
Atlanta,2020-01-29,5,Rain,Clouds,0.16702372310967195,0.1387932725790605,0.19672292516597345,0.3356382044936074
Atlanta,2020-01-29,5,Rain,Rain,0.46687935576853345,0.42995362568316786,0.5107206925611062,0.3356382044936074
Atlanta,2020-01-29,5,Rain,Snow,0.01812927786770193,0.011007193352188874,0.026999060505425596,0.3356382044936074
Atlanta,2020-01-29,5,Rain,Sun,0.3467523440777154,0.31061761660713505,0.38461732256943393,0.3356382044936074
Atlanta,2020-01-29,5,Snow,Clouds,0.08297190284453093,0.03945440827140776,0.15581765479890236,0.01968557277585448
Atlanta,2020-01-29,5,Snow,Rain,0.15559540921358442,0.08483194801987637,0.25163928904611566,0.01968557277585448
Atlanta,2020-01-29,5,Snow,Snow,0.21758112594193418,0.12506236629513645,0.3104334613604229,0.01968557277585448
Atlanta,2020-01-29,5,Snow,Sun,0.5371711648629665,0.43010261580343434,0.6460412900278683,0.01968557277585448
Atlanta,2020-01-29,5,Sun,Clouds,0.12042838815219761,0.10275595046587224,0.14286320614707448,0.4914676978107386
Atlanta,2020-01-29,5,Sun,Rain,0.22219791515592374,0.19464424250298545,0.24821360033408663,0.4914676978107386
Atlanta,2020-01-29,5,Sun,Snow,0.014375205414516869,0.008992289656119846,0.021036870580034582,0.4914676978107386
Atlanta,2020-01-29,5,Sun,Sun,0.6421175467546931,0.6130017582286549,0.6751152327285921,0.4914676978107386
Atlanta,2020-02-05,6,Clouds,Clouds,0.2266739946723814,0.18241705322360124,0.2759846469117725,0.1509976619673164
Atlanta,2020-02-05,6,Clouds,Rain,0.4357605946044445,0.38202236499557446,0.4870413080763565,0.1509976619673164
Atlanta,2020-02-05,6,Clouds,Snow,0.014542142381426516,0.006129768115338405,0.026753524534877712,0.1509976619673164
Atlanta,2020-02-05,6,Clouds,Sun,0.32068995818832147,0.2686997421459799,0.37155208957108593,0.1509976619673164
Atlanta,2020-02-05,6,Rain,Clouds,0.16226067366017355,0.1350141674252318,0.18920310762362996,0.33186478262579655
Atlanta,2020-02-05,6,Rain,Rain,0.46158478520255874,0.4248039979053606,0.5001306082537961,0.33186478262579655
Atlanta,2020-02-05,6,Rain,Snow,0.017182657282144263,0.010427479445315026,0.025689893067750436,0.33186478262579655
Atlanta,2020-02-05,6,Rain,Sun,0.35761033894863054,0.32206367422638227,0.3928514606896377,0.33186478262579655
Atlanta,2020-02-05,6,Snow,Clouds,0.078801556295125,0.0357287865047165,0.15903658645389812,0.01885207402052005
Atlanta,2020-02-05,6,Snow,Rain,0.15031312665251967,0.0778530361109028,0.25702813621677584,0.01885207402052005
Atlanta,2020-02-05,6,Snow,Snow,0.21908546336815327,0.12261300011316198,0.32539142017661693,0.01885207402052005
Atlanta,2020-02-05,6,Snow,Sun,0.5420892508121602,0.43115810429005075,0.6550701540229489,0.01885207402052005
Atlanta,2020-02-05,6,Sun,Clouds,0.12293121842677093,0.10487619375616758,0.14277305481797656,0.49828548138636697
Atlanta,2020-02-05,6,Sun,Rain,0.2200542069973667,0.19398030879123124,0.24209477913316044,0.49828548138636697
Atlanta,2020-02-05,6,Sun,Snow,0.013648927355160271,0.008596785023314691,0.019726186964557694,0.49828548138636697
Atlanta,2020-02-05,6,Sun,Sun,0.64293594502339,0.6167862259104329,0.6741431973011272,0.49828548138636697
Atlanta,2020-02-12,7,Clouds,Clouds,0.2173774111808524,0.17571676142798948,0.2620800272344056,0.14779492036803385
Atlanta,2020-02-12,7,Clouds,Rain,0.44030535765280643,0.39143793090189416,0.4908052256268579,0.14779492036803385
Atlanta,2020-02-12,7,Clouds,Snow,0.014270054156922191,0.005842586081714984,0.026066408055988036,0.14779492036803385
Atlanta,2020-02-12,7,Clouds,Sun,0.32588743518695673,0.27741267787070134,0.3740242686616657,0.14779492036803385
Atlanta,2020-02-12,7,Rain,Clouds,0.15608147303247055,0.12897894121617287,0.18118567595978463,0.3262800381285135
Atlanta,2020-02-12,7,Rain,Rain,0.4558115688108207,0.4226172080542985,0.493557430555258,0.3262800381285135
Atlanta,2020-02-12,7,Rain,Snow,0.01606301427626005,0.009770519847957406,0.023791301550230157,0.3262800381285135
Atlanta,2020-02-12,7,Rain,Sun,0.37169002861222195,0.338199613575617,0.4041521715107085,0.3262800381285135
Atlanta,2020-02-12,7,Snow,Clouds,0.07796690416937672,0.035091427780181046,0.16782093156629735,0.01763204347630678
Atlanta,2020-02-12,7,Snow,Rain,0.14644955098224316,0.06953198367501662,0.26583741278918976,0.01763204347630678
Atlanta,2020-02-12,7,Snow,Snow,0.21982288657926213,0.1193125963486829,0.33832596330021075,0.01763204347630678
Atlanta,2020-02-12,7,Snow,Sun,0.5455307112802638,0.423341159499107,0.6595470408456816,0.01763204347630678
Atlanta,2020-02-12,7,Sun,Clouds,0.12444182955178087,0.10820867962445677,0.1424756650828688,0.5082929980271459
Atlanta,2020-02-12,7,Sun,Rain,0.2157212605814013,0.19107428573827043,0.235752489532503,0.5082929980271459
Atlanta,2020-02-12,7,Sun,Snow,0.012576337247037196,0.007960324123824424,0.01806668861662821,0.5082929980271459
Atlanta,2020-02-12,7,Sun,Sun,0.6469564505193368,0.6215288851056624,0.67439872000743,0.5082929980271459
Atlanta,2020-02-19,8,Clouds,Clouds,0.20810719989800566,0.16924563139244303,0.2519808645775753,0.1447606121814324
Atlanta,2020-02-19,8,Clouds,Rain,0.44531139439207734,0.39540049194969895,0.5015474366516551,0.1447606121814324
Atlanta,2020-02-19,8,Clouds,Snow,0.013703690617510821,0.005782896573174297,0.026042951044122416,0.1447606121814324
Atlanta,2020-02-19,8,Clouds,Sun,0.33009286690824635,0.2788868155446551,0.38103123464063327,0.1447606121814324
Atlanta,2020-02-19,8,Rain,Clouds,0.14899989061484475,0.12356942897767348,0.17394900588604484,0.3202077956438212
Atlanta,2020-02-19,8,Rain,Rain,0.4497354061649427,0.41474976189348595,0.4855195104547375,0.3202077956438212
Atlanta,2020-02-19,8,Rain,Snow,0.01469129195050481,0.008859622781577387,0.021524654941467915,0.3202077956438212
Atlanta,2020-02-19,8,Rain,Sun,0.38651290340764444,0.3518633127225365,0.4219280110820463,0.3202077956438212
Atlanta,2020-02-19,8,Snow,Clouds,0.07836895731122218,0.03444183046009165,0.1694338722194341,0.01606504860763617
Atlanta,2020-02-19,8,Snow,Rain,0.14344068457299153,0.06476705805750708,0.2722272586490655,0.01606504860763617
Atlanta,2020-02-19,8,Snow,Snow,0.2189147946140505,0.11873939108288775,0.3623452485721388,0.01606504860763617
Atlanta,2020-02-19,8,Snow,Sun,0.547581484699764,0.40369596332279606,0.6666705263727786,0.01606504860763617
Atlanta,2020-02-19,8,Sun,Clouds,0.1263117424727153,0.1098393944826015,0.1434867956947869,0.5189665435671101
Atlanta,2020-02-19,8,Sun,Rain,0.21038015777783528,0.18643195581810024,0.23023300538769448,0.5189665435671101
Atlanta,2020-02-19,8,Sun,Snow,0.01126771525635049,0.007197595527306018,0.016188485363048916,0.5189665435671101
Atlanta,2020-02-19,8,Sun,Sun,0.6517071853834946,0.6270861694498343,0.677057663936909,0.5189665435671101
Atlanta,2020-02-26,9,Clouds,Clouds,0.19967850601197507,0.16132119591178484,0.24377282774380654,0.1419157116638683
Atlanta,2020-02-26,9,Clouds,Rain,0.45214280518664846,0.400490473830613,0.5107925185593246,0.1419157116638683
Atlanta,2020-02-26,9,Clouds,Snow,0.013054173412368343,0.005555500308817808,0.02639688595817672,0.1419157116638683
Atlanta,2020-02-26,9,Clouds,Sun,0.33205930260926386,0.27833595075772527,0.3855446229214686,0.1419157116638683
Atlanta,2020-02-26,9,Rain,Clouds,0.14131196633262982,0.11509900869921895,0.16545918959824768,0.3143123570073702
Atlanta,2020-02-26,9,Rain,Rain,0.4444107428334795,0.4084573835056477,0.4803738792072791,0.3143123570073702
Atlanta,2020-02-26,9,Rain,Snow,0.013201084270993181,0.00767740734873684,0.019315871720644473,0.3143123570073702
Atlanta,2020-02-26,9,Rain,Sun,0.40145403106555866,0.36281009773851336,0.4396811045855309,0.3143123570073702
Atlanta,2020-02-26,9,Snow,Clouds,0.08252593074152846,0.0335206751898829,0.17818368372623444,0.014404005422429117
Atlanta,2020-02-26,9,Snow,Rain,0.14056691888689454,0.061786000337874486,0.2840279055933282,0.014404005422429117
Atlanta,2020-02-26,9,Snow,Snow,0.21948945667433906,0.10834598228644059,0.3844268132312946,0.014404005422429117
Atlanta,2020-02-26,9,Snow,Sun,0.5458514322898439,0.37330458989452453,0.672469440634061,0.014404005422429117
Atlanta,2020-02-26,9,Sun,Clouds,0.12823753926004766,0.11035305486703384,0.14430006936521825,0.5293679259063323
Atlanta,2020-02-26,9,Sun,Rain,0.20447319030658848,0.18202394403520347,0.22520642712122677,0.5293679259063323
Atlanta,2020-02-26,9,Sun,Snow,0.009882793726917565,0.0063322688002310085,0.014203494898927142,0.5293679259063323
Atlanta,2020-02-26,9,Sun,Sun,0.6571398646828761,0.6313283894351334,0.6828078985667649,0.5293679259063323
Atlanta,2020-03-04,10,Clouds,Clouds,0.19299712680653464,0.1558714250305071,0.23834828380671863,0.1387991663319131
Atlanta,2020-03-04,10,Clouds,Rain,0.45926965581465196,0.40062734866900923,0.5227106310097276,0.1387991663319131
Atlanta,2020-03-04,10,Clouds,Snow,0.012362863923884658,0.00504118335058502,0.026820904775298606,0.1387991663319131
Atlanta,2020-03-04,10,Clouds,Sun,0.33311485384102746,0.2763730089530877,0.38688081312678,0.1387991663319131
Atlanta,2020-03-04,10,Rain,Clouds,0.13351760357074627,0.10637033936008944,0.15803490266651732,0.3091288570392792
Atlanta,2020-03-04,10,Rain,Rain,0.4401460115843435,0.3998933709425507,0.47879569326063254,0.3091288570392792
Atlanta,2020-03-04,10,Rain,Snow,0.01162235887372485,0.006546644536960839,0.017063042773075972,0.3091288570392792
Atlanta,2020-03-04,10,Rain,Sun,0.41491118022158424,0.37393044903375566,0.4585081835441638,0.3091288570392792
Atlanta,2020-03-04,10,Snow,Clouds,0.08755473533382266,0.03387070120553097,0.19235837239888642,0.012658375603507114
Atlanta,2020-03-04,10,Snow,Rain,0.14201243977814204,0.05945576049979946,0.3037432857406386,0.012658375603507114
Atlanta,2020-03-04,10,Snow,Snow,0.21752989841442266,0.09991710153209105,0.4057798267112487,0.012658375603507114
Atlanta,2020-03-04,10,Snow,Sun,0.5365294198499158,0.34803617428637834,0.6691874190735808,0.012658375603507114
Atlanta,2020-03-04,10,Sun,Clouds,0.12901053093805104,0.109499067460364,0.14574959019378064,0.5394136010253006
Atlanta,2020-03-04,10,Sun,Rain,0.199172980746728,0.17581343096649094,0.2223771160179218,0.5394136010253006
Atlanta,2020-03-04,10,Sun,Snow,0.008513867624550447,0.005425027182097889,0.012366543753701446,0.5394136010253006
Atlanta,2020-03-04,10,Sun,Sun,0.6636353987825937,0.6345186881771516,0.6912201942900833,0.5394136010253006
Atlanta,2020-03-11,11,Clouds,Clouds,0.1888012020243103,0.15117497298396088,0.23591424871267164,0.1356156953343908
Atlanta,2020-03-11,11,Clouds,Rain,0.4643489541330974,0.40018815932553364,0.5288865742873501,0.1356156953343908
Atlanta,2020-03-11,11,Clouds,Snow,0.01148859066372945,0.0047458361117451425,0.026879491815593907,0.1356156953343908
Atlanta,2020-03-11,11,Clouds,Sun,0.33119283712622477,0.27191551573390743,0.3890883663186237,0.1356156953343908
Atlanta,2020-03-11,11,Rain,Clouds,0.12573650348923493,0.09935019689848695,0.15325535534617984,0.303839680271172
Atlanta,2020-03-11,11,Rain,Rain,0.43638115505057673,0.39271416994944663,0.47759746780046197,0.303839680271172
Atlanta,2020-03-11,11,Rain,Snow,0.009972870145373295,0.005543204289265962,0.01534215114794289,0.303839680271172
Atlanta,2020-03-11,11,Rain,Sun,0.42725261733857806,0.3853267706977777,0.4753421246880761,0.303839680271172
Atlanta,2020-03-11,11,Snow,Clouds,0.09494276111986913,0.033381044026833284,0.21167157346556092,0.01091325220863195
Atlanta,2020-03-11,11,Snow,Rain,0.1444381883555309,0.055998296696289626,0.3212556908644806,0.01091325220863195
Atlanta,2020-03-11,11,Snow,Snow,0.21680001321788128,0.09177288177859039,0.4251093570387814,0.01091325220863195
Atlanta,2020-03-11,11,Snow,Sun,0.526100562907972,0.32504476749724986,0.6646053539572401,0.01091325220863195
Atlanta,2020-03-11,11,Sun,Clouds,0.12850274588089045,0.10831271407622056,0.14647555165519294,0.5496313721858053
Atlanta,2020-03-11,11,Sun,Rain,0.1935510206737962,0.1696582389998395,0.2178848800063511,0.5496313721858053
Atlanta,2020-03-11,11,Sun,Snow,0.007182310079643277,0.00458712661361059,0.010798639664114706,0.5496313721858053
Atlanta,2020-03-11,11,Sun,Sun,0.6705986154447603,0.6416192634993813,0.6986522347405197,0.5496313721858053
Atlanta,2020-03-18,12,Clouds,Clouds,0.18853361041585603,0.14837122398089198,0.23720976819628603,0.13274730400303422
Atlanta,2020-03-18,12,Clouds,Rain,0.4699004166989132,0.40469249304091776,0.534379114004625,0.13274730400303422
Atlanta,2020-03-18,12,Clouds,Snow,0.010562879321104498,0.0040199006232208906,0.02684182724880031,0.13274730400303422
Atlanta,2020-03-18,12,Clouds,Sun,0.32637484346851986,0.2682969357839978,0.3852525624370608,0.13274730400303422
Atlanta,2020-03-18,12,Rain,Clouds,0.1189938747009025,0.09245318494083693,0.14743071500393673,0.2996133919280382
Atlanta,2020-03-18,12,Rain,Rain,0.43408445976448107,0.3889517429705226,0.47605933349429874,0.2996133919280382
Atlanta,2020-03-18,12,Rain,Snow,0.008424973286178503,0.004662206881432866,0.013721801759916026,0.2996133919280382
Atlanta,2020-03-18,12,Rain,Sun,0.437768100689681,0.3971575749272256,0.48402400883504343,0.2996133919280382
Atlanta,2020-03-18,12,Snow,Clouds,0.10344100482351284,0.033620360081724934,0.23269559705114667,0.00931437633503354
Atlanta,2020-03-18,12,Snow,Rain,0.1509881686005216,0.05478054472972157,0.33139755086090356,0.00931437633503354
Atlanta,2020-03-18,12,Snow,Snow,0.21830255026926182,0.08777070295577183,0.4387836396104958,0.00931437633503354
Atlanta,2020-03-18,12,Snow,Sun,0.5109330030486097,0.30968041612607805,0.6692130241616473,0.00931437633503354
Atlanta,2020-03-18,12,Sun,Clouds,0.12710265109219804,0.10588354387359802,0.14555030163295757,0.5583249277338941
Atlanta,2020-03-18,12,Sun,Rain,0.18887940740954173,0.16441296565694116,0.21295429389467307,0.5583249277338941
Atlanta,2020-03-18,12,Sun,Snow,0.005990758687796891,0.003831271980872272,0.0093896061435105,0.5583249277338941
Atlanta,2020-03-18,12,Sun,Sun,0.67790553885299,0.6485671210238892,0.7071792221511299,0.5583249277338941
Atlanta,2020-03-25,13,Clouds,Clouds,0.1912008784387143,0.15031414129709075,0.23922864337632346,0.129706742400649
Atlanta,2020-03-25,13,Clouds,Rain,0.47434496483327704,0.4104197505936645,0.536711477365917,0.129706742400649
Atlanta,2020-03-25,13,Clouds,Snow,0.0100857892066703,0.003471709763540943,0.02607648217096359,0.129706742400649
Atlanta,2020-03-25,13,Clouds,Sun,0.3204294092814185,0.2620939348406847,0.3803513111809811,0.129706742400649
Atlanta,2020-03-25,13,Rain,Clouds,0.11298158105545865,0.08629714985891727,0.14054673700914475,0.2963133334696952
Atlanta,2020-03-25,13,Rain,Rain,0.43388909687838906,0.38881931213485577,0.47225016830067784,0.2963133334696952
Atlanta,2020-03-25,13,Rain,Snow,0.006992480725125668,0.0038410821010209915,0.01233832387477846,0.2963133334696952
Atlanta,2020-03-25,13,Rain,Sun,0.44602164348293005,0.4058423057129026,0.48978966616300734,0.2963133334696952
Atlanta,2020-03-25,13,Snow,Clouds,0.11229537124194033,0.034557171187786784,0.2552303466313401,0.007886136333357779
Atlanta,2020-03-25,13,Snow,Rain,0.15498140531394294,0.053209951099698304,0.35573066154104593,0.007886136333357779
Atlanta,2020-03-25,13,Snow,Snow,0.2205575041074995,0.08026745504212898,0.4530391804555135,0.007886136333357779
Atlanta,2020-03-25,13,Snow,Sun,0.4922733717032707,0.28243283238032946,0.6635626888955704,0.007886136333357779
Atlanta,2020-03-25,13,Sun,Clouds,0.12451752192756796,0.10350842537627941,0.14313011060769973,0.566093787796298
Atlanta,2020-03-25,13,Sun,Rain,0.1852583146488473,0.16036927708594256,0.20887540824302975,0.566093787796298
Atlanta,2020-03-25,13,Sun,Snow,0.004881366607879494,0.00313886105901284,0.007844317297801967,0.566093787796298
Atlanta,2020-03-25,13,Sun,Sun,0.6858394222810561,0.6560555479339547,0.7139416623596375,0.566093787796298
Atlanta,2020-04-01,14,Clouds,Clouds,0.19748562802263112,0.15383395822707302,0.2412493217915437,0.126571780325345
Atlanta,2020-04-01,14,Clouds,Rain,0.47750379872274196,0.41606913221490227,0.5355078456499646,0.126571780325345
Atlanta,2020-04-01,14,Clouds,Snow,0.009487433992312097,0.003102504774780856,0.024567775483218666,0.126571780325345
Atlanta,2020-04-01,14,Clouds,Sun,0.31218915879084264,0.2579054636845885,0.3704302876640414,0.126571780325345
Atlanta,2020-04-01,14,Rain,Clouds,0.10745428718767971,0.08179065269328994,0.13637657555716204,0.29358423023040836
Atlanta,2020-04-01,14,Rain,Rain,0.43345180103407227,0.3925611593032002,0.4699110596285826,0.29358423023040836
Atlanta,2020-04-01,14,Rain,Snow,0.00585599898409814,0.003149722027004847,0.010864480648177487,0.29358423023040836
Atlanta,2020-04-01,14,Rain,Sun,0.45286472724810634,0.4148588926064596,0.49239588181797966,0.29358423023040836
Atlanta,2020-04-01,14,Snow,Clouds,0.1214081153679233,0.03664988875083762,0.2817804482654881,0.006653808161294462
Atlanta,2020-04-01,14,Snow,Rain,0.15783677371250998,0.050867406555749436,0.3618123584126325,0.006653808161294462
Atlanta,2020-04-01,14,Snow,Snow,0.22070996851308083,0.07008393815710201,0.4687871722110116,0.006653808161294462
Atlanta,2020-04-01,14,Snow,Sun,0.4706374201553074,0.2640369155959127,0.6602893945945818,0.006653808161294462
Atlanta,2020-04-01,14,Sun,Clouds,0.12060014344878603,0.10075605719772548,0.1386332670818571,0.5731901812829522
Atlanta,2020-04-01,14,Sun,Rain,0.1825267259129842,0.15916319953803365,0.20526973749653848,0.5731901812829522
Atlanta,2020-04-01,14,Sun,Snow,0.003943240779789376,0.0024902498075674235,0.006709280478907179,0.5731901812829522
Atlanta,2020-04-01,14,Sun,Sun,0.6929009668237562,0.6646798706931213,0.7199735112782891,0.5731901812829522
Atlanta,2020-04-08,15,Clouds,Clouds,0.2065804268706975,0.16062118280053878,0.24898597158669256,0.1232476884499408
Atlanta,2020-04-08,15,Clouds,Rain,0.4778122698608534,0.4246751484943292,0.5325731176026853,0.1232476884499408
Atlanta,2020-04-08,15,Clouds,Snow,0.008722507466065633,0.002721618667638596,0.023561167349894607,0.1232476884499408
Atlanta,2020-04-08,15,Clouds,Sun,0.3041406605230854,0.25264554193558036,0.355840078411503,0.1232476884499408
Atlanta,2020-04-08,15,Rain,Clouds,0.10333019422538875,0.07982535249256023,0.13011204311637914,0.2916842866724897
Atlanta,2020-04-08,15,Rain,Rain,0.43488457937838537,0.3961528205184205,0.4690692927494977,0.2916842866724897
Atlanta,2020-04-08,15,Rain,Snow,0.004870082241147693,0.002541284611335563,0.00974183838122536,0.2916842866724897
Atlanta,2020-04-08,15,Rain,Sun,0.45664858497401806,0.41991522630987677,0.49433529838686974,0.2916842866724897
Atlanta,2020-04-08,15,Snow,Clouds,0.1309440703935874,0.037118316271466334,0.31304494834340346,0.005595469051430846
Atlanta,2020-04-08,15,Snow,Rain,0.16009842393237983,0.05174642753273445,0.37898087188819335,0.005595469051430846
Atlanta,2020-04-08,15,Snow,Snow,0.22565852976723755,0.06567802881047832,0.4773682445806453,0.005595469051430846
Atlanta,2020-04-08,15,Snow,Sun,0.4501098502099035,0.23891147333606894,0.6554681545779402,0.005595469051430846
Atlanta,2020-04-08,15,Sun,Clouds,0.11537834594318097,0.09848133029098374,0.13163914041178168,0.5794725558261388
Atlanta,2020-04-08,15,Sun,Rain,0.18105696133229865,0.15925516201527806,0.2031976337010273,0.5794725558261388
Atlanta,2020-04-08,15,Sun,Snow,0.0031661610532965016,0.001953843875654983,0.005812680323755145,0.5794725558261388
Atlanta,2020-04-08,15,Sun,Sun,0.7006519437833378,0.6741241139715459,0.7264645543859898,0.5794725558261388
Atlanta,2020-04-15,16,Clouds,Clouds,0.21535586154785846,0.16539367579568326,0.25880264698579647,0.11999787848738543
Atlanta,2020-04-15,16,Clouds,Rain,0.478454275511043,0.4251496600027055,0.5334717168174987,0.11999787848738543
Atlanta,2020-04-15,16,Clouds,Snow,0.008222429633790555,0.0022925322834601667,0.021568208135880736,0.11999787848738543
Atlanta,2020-04-15,16,Clouds,Sun,0.2962324583666869,0.24417597518210804,0.34622696362301086,0.11999787848738543
Atlanta,2020-04-15,16,Rain,Clouds,0.100570408495984,0.07734440386950331,0.12505361700520307,0.2914114561296575
Atlanta,2020-04-15,16,Rain,Rain,0.43769405070512873,0.3993517699106376,0.4721001654418908,0.2914114561296575
Atlanta,2020-04-15,16,Rain,Snow,0.004033211616925311,0.0020430765585621362,0.00855903781587739,0.2914114561296575
Atlanta,2020-04-15,16,Rain,Sun,0.458136022792581,0.42158428704878026,0.49360891133329476,0.2914114561296575
Atlanta,2020-04-15,16,Snow,Clouds,0.14098646056262265,0.03671826172958396,0.3460862717967009,0.004733117459191173
Atlanta,2020-04-15,16,Snow,Rain,0.1647577036052594,0.052512637809704665,0.4016140810735305,0.004733117459191173
Atlanta,2020-04-15,16,Snow,Snow,0.22742153996597048,0.06202632863175282,0.49047614464323486,0.004733117459191173
Atlanta,2020-04-15,16,Snow,Sun,0.417888181452357,0.2145915673288915,0.6481955903714485,0.004733117459191173
Atlanta,2020-04-15,16,Sun,Clouds,0.10982797783691672,0.09477169400802887,0.12493821619169415,0.5838575479237658
Atlanta,2020-04-15,16,Sun,Rain,0.1807470044807788,0.1601571896500661,0.20269029278747336,0.5838575479237658
Atlanta,2020-04-15,16,Sun,Snow,0.002556198247618063,0.0015523252794570628,0.005110219935875033,0.5838575479237658
Atlanta,2020-04-15,16,Sun,Sun,0.7065912521869575,0.6821715811753599,0.7314250531816415,0.5838575479237658
Atlanta,2020-04-22,17,Clouds,Clouds,0.2251405116910123,0.17102927254243416,0.26876694961138436,0.11653370720953138
Atlanta,2020-04-22,17,Clouds,Rain,0.47886843883653557,0.4249421220937021,0.5335791923102107,0.11653370720953138
Atlanta,2020-04-22,17,Clouds,Snow,0.0075999480164973925,0.0019603025237864497,0.019713654589994377,0.11653370720953138
Atlanta,2020-04-22,17,Clouds,Sun,0.28805632845375617,0.23369413061128183,0.3381275076279435,0.11653370720953138
Atlanta,2020-04-22,17,Rain,Clouds,0.09906905160780999,0.07741946286445503,0.12168258507732643,0.2927000728955478
Atlanta,2020-04-22,17,Rain,Rain,0.4417654814023435,0.4064311222762606,0.47649429083044414,0.2927000728955478
Atlanta,2020-04-22,17,Rain,Snow,0.0033907783456429705,0.0016521611614295274,0.007471573247245412,0.2927000728955478
Atlanta,2020-04-22,17,Rain,Sun,0.4559642141787293,0.41871577665672416,0.4908259939568007,0.2927000728955478
Atlanta,2020-04-22,17,Snow,Clouds,0.15024508158800592,0.03981749719376312,0.37683035610258453,0.004019924864424493
Atlanta,2020-04-22,17,Snow,Rain,0.1682895309830002,0.049059043526272876,0.42617847390458374,0.004019924864424493
Atlanta,2020-04-22,17,Snow,Snow,0.22515163320512144,0.05791410807019286,0.49858200495307353,0.004019924864424493
Atlanta,2020-04-22,17,Snow,Sun,0.3919599385753525,0.19703970578576624,0.6392377430770511,0.004019924864424493
Atlanta,2020-04-22,17,Sun,Clouds,0.1032190825268413,0.08962604776376046,0.11830076798801949,0.5867462950304964
Atlanta,2020-04-22,17,Sun,Rain,0.181649298147677,0.16105694126464043,0.20398147909159417,0.5867462950304964
Atlanta,2020-04-22,17,Sun,Snow,0.002099946430416401,0.001217833518491774,0.00454693326506619,0.5867462950304964
Atlanta,2020-04-22,17,Sun,Sun,0.7115090081631192,0.6871150996272878,0.7365058092401143,0.5867462950304964
Atlanta,2020-04-29,18,Clouds,Clouds,0.2331951220434595,0.17932284879978438,0.28138525298834044,0.11332454886613348
Atlanta,2020-04-29,18,Clouds,Rain,0.47881070229632516,0.420800320479368,0.5340695565785477,0.11332454886613348
Atlanta,2020-04-29,18,Clouds,Snow,0.007128586201220356,0.001863139163773227,0.017945660801297947,0.11332454886613348
Atlanta,2020-04-29,18,Clouds,Sun,0.28005640228608075,0.22558358964535324,0.3388891008522343,0.11332454886613348
Atlanta,2020-04-29,18,Rain,Clouds,0.09945698044557985,0.07695807553000046,0.1217941936509655,0.29645856407973026
Atlanta,2020-04-29,18,Rain,Rain,0.4470013692543944,0.40930951512751024,0.4820949427553067,0.29645856407973026
Atlanta,2020-04-29,18,Rain,Snow,0.0028936844226937265,0.0013449343541018363,0.006667144601004047,0.29645856407973026
Atlanta,2020-04-29,18,Rain,Sun,0.45129806309675763,0.41222041089636974,0.4880814637182773,0.29645856407973026
Atlanta,2020-04-29,18,Snow,Clouds,0.15952739357461726,0.03946650888665186,0.40261243531672564,0.0034421754937092094
Atlanta,2020-04-29,18,Snow,Rain,0.16979404133749862,0.05153389712575883,0.45118810627759875,0.0034421754937092094
Atlanta,2020-04-29,18,Snow,Snow,0.2190240390379468,0.0539087917566746,0.5109358851647705,0.0034421754937092094
Atlanta,2020-04-29,18,Snow,Sun,0.3655574309481028,0.179339014980767,0.63164253200242515,0.0034421754937092094
Atlanta,2020-04-29,18,Sun,Clouds,0.09672102311137531,0.08318869067609122,0.11240548666266295,0.586774711560427
Atlanta,2020-04-29,18,Sun,Rain,0.1854322906596944,0.16287322835773754,0.20793405834914797,0.586774711560427
Atlanta,2020-04-29,18,Sun,Snow,0.0017369570820453522,9.382842633499016e-4,0.0041326322535913665,0.586774711560427
Atlanta,2020-04-29,18,Sun,Sun,0.714782802956881,0.6910399304565973,0.7390587314163415,0.586774711560427
Atlanta,2020-05-06,19,Clouds,Clouds,0.24044124722049295,0.18390673283173514,0.29414618910426105,0.11051784806428881
Atlanta,2020-05-06,19,Clouds,Rain,0.47788116133770175,0.41531182704676406,0.537875468205641,0.11051784806428881
Atlanta,2020-05-06,19,Clouds,Snow,0.006643726305441197,0.0019259278492613568,0.017038392359365162,0.11051784806428881
Atlanta,2020-05-06,19,Clouds,Sun,0.2750367811037686,0.21992933864795505,0.3392956689661014,0.11051784806428881
Atlanta,2020-05-06,19,Rain,Clouds,0.10059951954756566,0.07845748174561318,0.12311292093856159,0.30133124414718787
Atlanta,2020-05-06,19,Rain,Rain,0.4529219259079705,0.41481390902697163,0.4910128592306431,0.30133124414718787
Atlanta,2020-05-06,19,Rain,Snow,0.0025158450221665664,0.0010297654753228696,0.00611912158872395,0.30133124414718787
Atlanta,2020-05-06,19,Rain,Sun,0.4442431001806948,0.40223122819461743,0.4823062413249817,0.30133124414718787
Atlanta,2020-05-06,19,Snow,Clouds,0.1661847991319435,0.04162226587026049,0.42746189280335256,0.0030011389675146183
Atlanta,2020-05-06,19,Snow,Rain,0.1761922470461381,0.055115368392607125,0.4790987507858306,0.0030011389675146183
Atlanta,2020-05-06,19,Snow,Snow,0.21703055102895893,0.05403786587875516,0.5240787641098869,0.0030011389675146183
Atlanta,2020-05-06,19,Snow,Sun,0.3402965865748524,0.16102568565791472,0.6171647016706785,0.0030011389675146183
Atlanta,2020-05-06,19,Sun,Clouds,0.0906929415098042,0.07676150517435357,0.10682667638955103,0.5851497688210087
Atlanta,2020-05-06,19,Sun,Rain,0.19026904727982485,0.16610110970791964,0.21428831407995705,0.5851497688210087
Atlanta,2020-05-06,19,Sun,Snow,0.001462407698727446,7.210759873739873e-4,0.0035098383586899076,0.5851497688210087
Atlanta,2020-05-06,19,Sun,Sun,0.7169658836025428,0.6918895887571552,0.7422232460189225,0.5851497688210087
Atlanta,2020-05-13,20,Clouds,Clouds,0.24504767297292826,0.1867622469548022,0.30276183310921245,0.10831455886675387
Atlanta,2020-05-13,20,Clouds,Rain,0.4758380623886725,0.40868874463989874,0.5390591538824001,0.10831455886675387
Atlanta,2020-05-13,20,Clouds,Snow,0.006084560367938519,0.0017883085825024826,0.01575869814846243,0.10831455886675387
Atlanta,2020-05-13,20,Clouds,Sun,0.2713986887321889,0.21646693782840376,0.337075445590274,0.10831455886675387
Atlanta,2020-05-13,20,Rain,Clouds,0.10289710549122363,0.08033619832678356,0.1251259969066699,0.3084002708502871
Atlanta,2020-05-13,20,Rain,Rain,0.4594955821589064,0.42181838339877065,0.5008710290518343,0.3084002708502871
Atlanta,2020-05-13,20,Rain,Snow,0.0022728942063811107,8.871483263536803e-4,0.005477510660832215,0.3084002708502871
Atlanta,2020-05-13,20,Rain,Sun,0.43411746933687323,0.39156014083337054,0.47339435379315636,0.3084002708502871
Atlanta,2020-05-13,20,Snow,Clouds,0.1778076011335619,0.041347556225386425,0.4477256098579814,0.002692865418877451
Atlanta,2020-05-13,20,Snow,Rain,0.18670684530469475,0.05886401091425782,0.49753610816350224,0.002692865418877451
Atlanta,2020-05-13,20,Snow,Snow,0.2207498791798361,0.05311738787499326,0.5303876494609805,0.002692865418877451
Atlanta,2020-05-13,20,Snow,Sun,0.32100911035477453,0.14341201388372407,0.6124427945699848,0.002692865418877451
Atlanta,2020-05-13,20,Sun,Clouds,0.08510495515835304,0.07038208306869904,0.1028512269041623,0.5805923048640816
Atlanta,2020-05-13,20,Sun,Rain,0.19673916128211988,0.17202461314943457,0.22133132438748448,0.5805923048640816
Atlanta,2020-05-13,20,Sun,Snow,0.0012654493622060955,5.776769355711088e-4,0.003239307751257519,0.5805923048640816
Atlanta,2020-05-13,20,Sun,Sun,0.7159106575818004,0.6901688518719667,0.7430121923865562,0.5805923048640816
Atlanta,2020-05-20,21,Clouds,Clouds,0.24682723719979643,0.1899603894967048,0.30551457081063826,0.10676803539856274
Atlanta,2020-05-20,21,Clouds,Rain,0.47330800278236784,0.40145255009786185,0.5384193450975703,0.10676803539856274
Atlanta,2020-05-20,21,Clouds,Snow,0.005786780877370192,0.0016618678405167261,0.015252294235434134,0.10676803539856274
Atlanta,2020-05-20,21,Clouds,Sun,0.27215854883353163,0.21520924373203926,0.3374131082753737,0.10676803539856274
Atlanta,2020-05-20,21,Rain,Clouds,0.10633693283400299,0.08324316123148248,0.12905078862081057,0.3175241449868163
Atlanta,2020-05-20,21,Rain,Rain,0.4674273782483658,0.4305768013169292,0.5098776025400233,0.3175241449868163
Atlanta,2020-05-20,21,Rain,Snow,0.002006800540245637,7.357499834831536e-4,0.005222380176090833,0.3175241449868163
Atlanta,2020-05-20,21,Rain,Sun,0.42206397568942056,0.37889607436175815,0.46260161286606705,0.3175241449868163
Atlanta,2020-05-20,21,Snow,Clouds,0.1876253299572381,0.0419055367443838,0.45872172570598246,0.0024373264001352705
Atlanta,2020-05-20,21,Snow,Rain,0.19286545984422496,0.05659090505999623,0.4999606621803777,0.0024373264001352705
Atlanta,2020-05-20,21,Snow,Snow,0.22154177989615248,0.057379954659755955,0.5318154465615368,0.0024373264001352705
Atlanta,2020-05-20,21,Snow,Sun,0.30706419672774576,0.12441976960189072,0.6024334906740161,0.0024373264001352705
Atlanta,2020-05-20,21,Sun,Clouds,0.080278882775348,0.06535085708980665,0.09867960691695829,0.5732704932144856
Atlanta,2020-05-20,21,Sun,Rain,0.20512244806720686,0.18056334332740806,0.23037136927006965,0.5732704932144856
Atlanta,2020-05-20,21,Sun,Snow,0.0011135979542286063,4.7121827479750455e-4,0.0029640568842428643,0.5732704932144856
Atlanta,2020-05-20,21,Sun,Sun,0.7126275871237463,0.6863459882318446,0.7404458792045954,0.5732704932144856
Atlanta,2020-05-27,22,Clouds,Clouds,0.24568261164726735,0.19073203540115152,0.30220283902322875,0.10612525893376108
Atlanta,2020-05-27,22,Clouds,Rain,0.47184378084315964,0.40109888784555114,0.5353056556620491,0.10612525893376108
Atlanta,2020-05-27,22,Clouds,Snow,0.005453178824453699,0.0015731877678212245,0.014781587800372743,0.10612525893376108
Atlanta,2020-05-27,22,Clouds,Sun,0.276730712106972,0.21978159092420352,0.33950358536013336,0.10612525893376108
Atlanta,2020-05-27,22,Rain,Clouds,0.1113025714189885,0.08783469907011288,0.13240172881725368,0.3278957265444623
Atlanta,2020-05-27,22,Rain,Rain,0.47614068398607723,0.4402908980980484,0.5191626093474778,0.3278957265444623
Atlanta,2020-05-27,22,Rain,Snow,0.0018391310592583768,6.364967439485581e-4,0.004897119770164284,0.3278957265444623
Atlanta,2020-05-27,22,Rain,Sun,0.40945774094373566,0.3656563681285203,0.44753720156391835,0.3278957265444623
Atlanta,2020-05-27,22,Snow,Clouds,0.1960132718891025,0.04440885498794052,0.46467011444801465,0.002285305765864621
Atlanta,2020-05-27,22,Snow,Rain,0.20488168434391912,0.05921398974840698,0.4941841321860164,0.002285305765864621
Atlanta,2020-05-27,22,Snow,Snow,0.22790100516622214,0.058747250117153565,0.5469498100951913,0.002285305765864621
Atlanta,2020-05-27,22,Snow,Sun,0.2983939273949182,0.10804830568463061,0.5882244357988385,0.002285305765864621
Atlanta,2020-05-27,22,Sun,Clouds,0.07632659722859914,0.062144428203846525,0.094199400294704555,0.563693708755912
Atlanta,2020-05-27,22,Sun,Rain,0.2146020177913164,0.1902914323451306,0.2400711890682992,0.563693708755912
Atlanta,2020-05-27,22,Sun,Snow,0.0010305530564740863,3.9279765508294016e-4,0.00284626976304708,0.563693708755912
Atlanta,2020-05-27,22,Sun,Sun,0.7077239735920162,0.6817204057665238,0.7343002881020764,0.563693708755912
Atlanta,2020-06-03,23,Clouds,Clouds,0.24223892029508964,0.18812753710739585,0.2940904912499799,0.10592053895745074
Atlanta,2020-06-03,23,Clouds,Rain,0.4699119666467322,0.402347492354519,0.5328562716242229,0.10592053895745074
Atlanta,2020-06-03,23,Clouds,Snow,0.005144410542725239,0.0014625707096187017,0.014077769375877808,0.10592053895745074
Atlanta,2020-06-03,23,Clouds,Sun,0.2821772786434755,0.22659388261125674,0.3427687802792434,0.10592053895745074
Atlanta,2020-06-03,23,Rain,Clouds,0.11620130654260583,0.0933645490914072,0.13764618108494225,0.33895564901558145
Atlanta,2020-06-03,23,Rain,Rain,0.4854452519536744,0.4525056979632332,0.5250396877829555,0.33895564901558145
Atlanta,2020-06-03,23,Rain,Snow,0.0016613294587859324,4.55961069002226e-4,0.0043552791847979045,0.33895564901558145
Atlanta,2020-06-03,23,Rain,Sun,0.3960085774481448,0.3539469884722316,0.431173295125875,0.33895564901558145
Atlanta,2020-06-03,23,Snow,Clouds,0.2082557702416656,0.04570126247385488,0.4754709743939356,0.0021021525216368356
Atlanta,2020-06-03,23,Snow,Rain,0.21589977756634493,0.05734052197824205,0.48966304812864697,0.0021021525216368356
Atlanta,2020-06-03,23,Snow,Snow,0.2326290105197138,0.05520857355730904,0.5383322009849035,0.0021021525216368356
Atlanta,2020-06-03,23,Snow,Sun,0.28189685830109373,0.09673897239075116,0.5791013762761861,0.0021021525216368356
Atlanta,2020-06-03,23,Sun,Clouds,0.07294759805730933,0.06044140719291548,0.08960950367998502,0.553021659505331
Atlanta,2020-06-03,23,Sun,Rain,0.22400007419232382,0.20105643988277183,0.2495891813088775,0.553021659505331
Atlanta,2020-06-03,23,Sun,Snow,9.09928448118426e-4,2.6759811296271613e-4,0.002663313284600341,0.553021659505331
Atlanta,2020-06-03,23,Sun,Sun,0.7012568109727446,0.6757061165957288,0.7270016616608707,0.553021659505331
Atlanta,2020-06-10,24,Clouds,Clouds,0.2369484048543237,0.18544293204643544,0.2940355880899538,0.1063983552804714
Atlanta,2020-06-10,24,Clouds,Rain,0.4660174278178536,0.40366343727823195,0.5297995295481608,0.1063983552804714
Atlanta,2020-06-10,24,Clouds,Snow,0.004846921516310268,0.0014255191820231345,0.014124597655287998,0.1063983552804714
Atlanta,2020-06-10,24,Clouds,Sun,0.2916573570593196,0.23733537707826596,0.34876155532228625,0.1063983552804714
Atlanta,2020-06-10,24,Rain,Clouds,0.12196186491674571,0.10060083715878013,0.14460254787242438,0.35009966644875146
Atlanta,2020-06-10,24,Rain,Rain,0.4942078046814399,0.46294585115369435,0.5323707458843762,0.35009966644875146
Atlanta,2020-06-10,24,Rain,Snow,0.001596441031201805,4.5039620762941197e-4,0.004224359063281172,0.35009966644875146
Atlanta,2020-06-10,24,Rain,Sun,0.3806198693884246,0.34418833188551046,0.4167125821442392,0.35009966644875146
Atlanta,2020-06-10,24,Snow,Clouds,0.21686651961607673,0.04752562544896974,0.47598145319241,0.002026022267907276
Atlanta,2020-06-10,24,Snow,Rain,0.22203148558437494,0.05690578826285571,0.4790708854518654,0.002026022267907276
Atlanta,2020-06-10,24,Snow,Snow,0.22938192585640982,0.05303950233612116,0.520793042362835,0.002026022267907276
Atlanta,2020-06-10,24,Snow,Sun,0.2688992613408865,0.08098225812936502,0.5686861948781312,0.002026022267907276
Atlanta,2020-06-10,24,Sun,Clouds,0.06997954562581395,0.0580521747273728,0.08632151088004819,0.5414759560028699
Atlanta,2020-06-10,24,Sun,Rain,0.2336719068666555,0.21181297802578755,0.2589581411114337,0.5414759560028699
Atlanta,2020-06-10,24,Sun,Snow,8.932653152631074e-4,2.5836146300012546e-4,0.0025525687246876726,0.5414759560028699
Atlanta,2020-06-10,24,Sun,Sun,0.6941127568119745,0.6694712843713804,0.7186566698887747,0.5414759560028699
Atlanta,2020-06-17,25,Clouds,Clouds,0.2307280478927338,0.18252756671900872,0.28762543884933756,0.10755797606391787
Atlanta,2020-06-17,25,Clouds,Rain,0.4625096541985938,0.40130245173479717,0.5284306145264686,0.10755797606391787
Atlanta,2020-06-17,25,Clouds,Snow,0.004645681585613237,0.001415311143984869,0.013837166773996764,0.10755797606391787
Atlanta,2020-06-17,25,Clouds,Sun,0.30254496481773313,0.24438610754549944,0.35864831362068683,0.10755797606391787
Atlanta,2020-06-17,25,Rain,Clouds,0.12767010350055302,0.10736756224353433,0.1508176617372578,0.36030224142511935
Atlanta,2020-06-17,25,Rain,Rain,0.5032108123586722,0.46980013612310983,0.5394051350533895,0.36030224142511935
Atlanta,2020-06-17,25,Rain,Snow,0.0015498130329372494,4.36223777046226e-4,0.004089636472805646,0.36030224142511935
Atlanta,2020-06-17,25,Rain,Sun,0.36737217226116065,0.33250002406378887,0.4006474221609291,0.36030224142511935
Atlanta,2020-06-17,25,Snow,Clouds,0.22717727783815128,0.05076856629771982,0.4777968370251988,0.001978825909549917
Atlanta,2020-06-17,25,Snow,Rain,0.2266192581541004,0.058332608668710886,0.4904734780501971,0.001978825909549917
Atlanta,2020-06-17,25,Snow,Snow,0.23080232796890257,0.052104845807127126,0.5295724874730722,0.001978825909549917
Atlanta,2020-06-17,25,Snow,Sun,0.2600543926774507,0.07072743799723631,0.5548802187571291,0.001978825909549917
Atlanta,2020-06-17,25,Sun,Clouds,0.0683585730928962,0.0564504081457334,0.08412046724404829,0.5301609566014129
Atlanta,2020-06-17,25,Sun,Rain,0.24262187422760972,0.22081633373341594,0.26756490086737994,0.5301609566014129
Atlanta,2020-06-17,25,Sun,Snow,8.734899539991325e-4,2.4288900403967028e-4,0.002380037008148833,0.5301609566014129
Atlanta,2020-06-17,25,Sun,Sun,0.6875067378246201,0.6631949366406026,0.711523670351945,0.5301609566014129
Atlanta,2020-06-24,26,Clouds,Clouds,0.22478175448714166,0.17593662282075395,0.28645929002207565,0.10892195279884466
Atlanta,2020-06-24,26,Clouds,Rain,0.4588183468853579,0.3981854912299856,0.5219747421353871,0.10892195279884466
Atlanta,2020-06-24,26,Clouds,Snow,0.004480205990059068,0.0013471015957389778,0.01324872197217249,0.10892195279884466
Atlanta,2020-06-24,26,Clouds,Sun,0.3121977980717582,0.25628795845394564,0.36699331492057263,0.10892195279884466
Atlanta,2020-06-24,26,Rain,Clouds,0.1330597128017425,0.11276735935599647,0.15792553243689617,0.3680052726162686
Atlanta,2020-06-24,26,Rain,Rain,0.5085898968680811,0.4724700878240761,0.5458212852670352,0.3680052726162686
Atlanta,2020-06-24,26,Rain,Snow,0.001525406412695366,4.1875283305000804e-4,0.004045064882084428,0.3680052726162686
Atlanta,2020-06-24,26,Rain,Sun,0.3552864543416039,0.32183434701002145,0.3884201693806321,0.3680052726162686
Atlanta,2020-06-24,26,Snow,Clouds,0.23204029688701272,0.05382439714522205,0.48926259327971666,0.0019498491177714463
Atlanta,2020-06-24,26,Snow,Rain,0.22811690458465023,0.06127940246409257,0.4933059040299861,0.0019498491177714463
Atlanta,2020-06-24,26,Snow,Snow,0.2312975986950911,0.053079710158513635,0.5362859891344829,0.0019498491177714463
Atlanta,2020-06-24,26,Snow,Sun,0.254019429470367,0.06544158956368419,0.5574693382222855,0.0019498491177714463
Atlanta,2020-06-24,26,Sun,Clouds,0.06692547400080487,0.05520825346557954,0.08267298286422445,0.5211229254671154
Atlanta,2020-06-24,26,Sun,Rain,0.24934418439813516,0.22539012804319164,0.2746549066953934,0.5211229254671154
Atlanta,2020-06-24,26,Sun,Snow,8.576625015692279e-4,2.2336792548730987e-4,0.002335082414576112,0.5211229254671154
Atlanta,2020-06-24,26,Sun,Sun,0.6815898448986653,0.6560906615776261,0.7054195361759065,0.5211229254671154
Atlanta,2020-07-01,27,Clouds,Clouds,0.21991720275924193,0.17198456924345218,0.28488177785907987,0.1102883399015139
Atlanta,2020-07-01,27,Clouds,Rain,0.4521070143387407,0.3878157634877297,0.5180043030026085,0.1102883399015139
Atlanta,2020-07-01,27,Clouds,Snow,0.004380791868969671,0.0012729417481626428,0.012474826090702556,0.1102883399015139
Atlanta,2020-07-01,27,Clouds,Sun,0.32203161671714453,0.26656831375273543,0.3822130269278874,0.1102883399015139
Atlanta,2020-07-01,27,Rain,Clouds,0.13737304768776115,0.11591762495845198,0.16375998237802986,0.3727271628606517
Atlanta,2020-07-01,27,Rain,Rain,0.5126626349795438,0.4758204581104216,0.5496243376528416,0.3727271628606517
Atlanta,2020-07-01,27,Rain,Snow,0.001475516772271969,3.951045259003831e-4,0.004015319847933945,0.3727271628606517
Atlanta,2020-07-01,27,Rain,Sun,0.3456478617975565,0.3118495310418271,0.3841444211939874,0.3727271628606517
Atlanta,2020-07-01,27,Snow,Clouds,0.23193212047622563,0.05683973712828949,0.49320587236613966,0.00190393315970926
Atlanta,2020-07-01,27,Snow,Rain,0.23244766012614082,0.06504333318618968,0.5088400059388843,0.00190393315970926
Atlanta,2020-07-01,27,Snow,Snow,0.22639424357536042,0.057006892779293813,0.5285394298323691,0.00190393315970926
Atlanta,2020-07-01,27,Snow,Sun,0.2438759584864504,0.06421208236118121,0.549193096801712,0.00190393315970926
Atlanta,2020-07-01,27,Sun,Clouds,0.06641646243139313,0.053598819933626016,0.08272644047212707,0.5150805640781251
Atlanta,2020-07-01,27,Sun,Rain,0.2538068884233029,0.22790810878034112,0.2797758574306302,0.5150805640781251
Atlanta,2020-07-01,27,Sun,Snow,8.47773299592603e-4,2.2276326053709413e-4,0.002304840003055803,0.5150805640781251
Atlanta,2020-07-01,27,Sun,Sun,0.6783931008159854,0.6516645150207373,0.7034923242531899,0.5150805640781251
Atlanta,2020-07-08,28,Clouds,Clouds,0.2160296757703904,0.16976756899463943,0.28372819374659286,0.11109566416075953
Atlanta,2020-07-08,28,Clouds,Rain,0.444325921099575,0.3767395531012898,0.5140533036590449,0.11109566416075953
Atlanta,2020-07-08,28,Clouds,Snow,0.004296410108154888,0.0012147803635309648,0.011651847433256111,0.11109566416075953
Atlanta,2020-07-08,28,Clouds,Sun,0.3321329611096917,0.274938349395898,0.39640784335594736,0.11109566416075953
Atlanta,2020-07-08,28,Rain,Clouds,0.14078875558714127,0.11728035734659184,0.16798171251524271,0.3735459526385333
Atlanta,2020-07-08,28,Rain,Rain,0.5152795352193236,0.47601242828677043,0.5540686172671614,0.3735459526385333
Atlanta,2020-07-08,28,Rain,Snow,0.0014632094593737448,3.9015404217676813e-4,0.004134417460768293,0.3735459526385333
Atlanta,2020-07-08,28,Rain,Sun,0.34014772689739303,0.3035676278456046,0.38134059099672785,0.3735459526385333
Atlanta,2020-07-08,28,Snow,Clouds,0.23276242112728135,0.058953017732606486,0.5077555374462237,0.0018750745264073522
Atlanta,2020-07-08,28,Snow,Rain,0.23791930645016068,0.07204517663759646,0.5259862503834993,0.0018750745264073522
Atlanta,2020-07-08,28,Snow,Snow,0.22470853506174646,0.06066242058474394,0.5233410655045158,0.0018750745264073522
Atlanta,2020-07-08,28,Snow,Sun,0.23668895795148553,0.06229315210813295,0.5354451160538913,0.0018750745264073522
Atlanta,2020-07-08,28,Sun,Clouds,0.0660726199245976,0.051597971316512004,0.08250868642342558,0.5134833086742997
Atlanta,2020-07-08,28,Sun,Rain,0.2546966401665798,0.22903122723288,0.28134488101865407,0.5134833086742997
Atlanta,2020-07-08,28,Sun,Snow,8.324729720834447e-4,2.0820806746139252e-4,0.002304813669570187,0.5134833086742997
Atlanta,2020-07-08,28,Sun,Sun,0.678558495426625,0.6508860848593997,0.7041726530266352,0.5134833086742997
Atlanta,2020-07-15,29,Clouds,Clouds,0.21557435806052477,0.16956526719273998,0.2841168065589873,0.11173046136064846
Atlanta,2020-07-15,29,Clouds,Rain,0.43591551182779315,0.36737342313022464,0.5062196721993246,0.11173046136064846
Atlanta,2020-07-15,29,Clouds,Snow,0.004288560599648781,0.001129323653223691,0.011411589315431566,0.11173046136064846
Atlanta,2020-07-15,29,Clouds,Sun,0.33974728716761626,0.28277944030412805,0.4085199840360727,0.11173046136064846
Atlanta,2020-07-15,29,Rain,Clouds,0.1433217722515298,0.11912124699017138,0.16980384680427402,0.37036210775560485
Atlanta,2020-07-15,29,Rain,Rain,0.5161577991190166,0.4732249306774299,0.5555953140082386,0.37036210775560485
Atlanta,2020-07-15,29,Rain,Snow,0.0014988149051463158,3.687065927810698e-4,0.004135832161132738,0.37036210775560485
Atlanta,2020-07-15,29,Rain,Sun,0.3380613598788098,0.30034078221909954,0.38108858577521676,0.37036210775560485
Atlanta,2020-07-15,29,Snow,Clouds,0.22838543863009073,0.060239279225603556,0.5184412686921422,0.001897325447806636
Atlanta,2020-07-15,29,Snow,Rain,0.24299224624487759,0.07772517162001229,0.5360647883361669,0.001897325447806636
Atlanta,2020-07-15,29,Snow,Snow,0.22252737291988903,0.05916055060624455,0.5316644858485648,0.001897325447806636
Atlanta,2020-07-15,29,Snow,Sun,0.2294969735950856,0.06085302725746039,0.5419510308100743,0.001897325447806636
Atlanta,2020-07-15,29,Sun,Clouds,0.06596810722681426,0.050450517567438596,0.08235761999172667,0.51601010543594
Atlanta,2020-07-15,29,Sun,Rain,0.25141605804034906,0.22405346623553218,0.2787587459990728,0.51601010543594
Atlanta,2020-07-15,29,Sun,Snow,8.513929495473705e-4,2.083001858617514e-4,0.0023646556820770175,0.51601010543594
Atlanta,2020-07-15,29,Sun,Sun,0.6821473423405833,0.6536293536839524,0.7083522904674882,0.51601010543594
Atlanta,2020-07-22,30,Clouds,Clouds,0.21892898180386478,0.1719808777113052,0.2888625520355658,0.111750812649826
Atlanta,2020-07-22,30,Clouds,Rain,0.4258980662295515,0.3564488073102427,0.49331875867146346,0.111750812649826
Atlanta,2020-07-22,30,Clouds,Snow,0.004319648675836431,0.0010351191548808275,0.011351851438988904,0.111750812649826
Atlanta,2020-07-22,30,Clouds,Sun,0.346499521094768,0.28852528035310476,0.4149963817908169,0.111750812649826
Atlanta,2020-07-22,30,Rain,Clouds,0.14405901391291348,0.11884096464221752,0.16843042125051721,0.36211096404897875
Atlanta,2020-07-22,30,Rain,Rain,0.5136803496384346,0.47010851918284413,0.5527856219650042,0.36211096404897875
Atlanta,2020-07-22,30,Rain,Snow,0.0015080059232713211,3.685265584499216e-4,0.004133367317777919,0.36211096404897875
Atlanta,2020-07-22,30,Rain,Sun,0.3401588075491217,0.30279456418262785,0.3817319751215943,0.36211096404897875
Atlanta,2020-07-22,30,Snow,Clouds,0.229849637528513,0.06243565342989524,0.5151742834263568,0.0018968265626492084
Atlanta,2020-07-22,30,Snow,Rain,0.24524527044630492,0.0763075596372023,0.5459669515035173,0.0018968265626492084
Atlanta,2020-07-22,30,Snow,Snow,0.22195417670061796,0.056137463867259825,0.5253225872595708,0.0018968265626492084
Atlanta,2020-07-22,30,Snow,Sun,0.2218717283634159,0.05959805139532631,0.5345775756880673,0.0018968265626492084
Atlanta,2020-07-22,30,Sun,Clouds,0.06602005413918435,0.05060288687536629,0.08219090734583426,0.524241396738546
Atlanta,2020-07-22,30,Sun,Rain,0.24378794412344895,0.21655836610342877,0.2709708388809704,0.524241396738546
Atlanta,2020-07-22,30,Sun,Snow,8.503334005139e-4,2.0336699802779533e-4,0.002380583958416644,0.524241396738546
Atlanta,2020-07-22,30,Sun,Sun,0.6897179637359501,0.661339218877961,0.7152697178907754,0.524241396738546
Atlanta,2020-07-29,31,Clouds,Clouds,0.22484040871343458,0.1781484617483476,0.29029572936863446,0.11118964303114685
Atlanta,2020-07-29,31,Clouds,Rain,0.41512176720579996,0.3483715548565022,0.47845265920971647,0.11118964303114685
Atlanta,2020-07-29,31,Clouds,Snow,0.0043042258864201335,0.0010035382106865034,0.011008911521482968,0.11118964303114685
Atlanta,2020-07-29,31,Clouds,Sun,0.3505127566312288,0.29256162452434986,0.41630736859785655,0.11118964303114685
Atlanta,2020-07-29,31,Rain,Clouds,0.14313037815307522,0.11858191565075976,0.1668946978340572,0.35033182141323405
Atlanta,2020-07-29,31,Rain,Rain,0.5088628724698625,0.4669902185388076,0.5452976720831826,0.35033182141323405
Atlanta,2020-07-29,31,Rain,Snow,0.0015024441744270717,3.7682934898909074e-4,0.004128176452723472,0.35033182141323405
Atlanta,2020-07-29,31,Rain,Sun,0.3461378842587489,0.31035240085775845,0.3842740066049095,0.35033182141323405
Atlanta,2020-07-29,31,Snow,Clouds,0.23311006146641833,0.06168188165702182,0.5110307082073506,0.0018744661657268435
Atlanta,2020-07-29,31,Snow,Rain,0.25122865318483756,0.07531216143011946,0.5546522409654857,0.0018744661657268435
Atlanta,2020-07-29,31,Snow,Snow,0.22234456575475733,0.05520127979927207,0.5179355402774147,0.0018744661657268435
Atlanta,2020-07-29,31,Snow,Sun,0.2208019140119007,0.057044438823414895,0.5309053926935804,0.0018744661657268435
Atlanta,2020-07-29,31,Sun,Clouds,0.06614428063506769,0.05224139119363058,0.08217325994813855,0.5366040693898922
Atlanta,2020-07-29,31,Sun,Rain,0.23306984696622673,0.20693651266743848,0.25964115011220135,0.5366040693898922
Atlanta,2020-07-29,31,Sun,Snow,8.400757720999289e-4,2.1053562186337097e-4,0.0024300165373891463,0.5366040693898922
Atlanta,2020-07-29,31,Sun,Sun,0.6995701616046284,0.672918054792975,0.7255198114531989,0.5366040693898922
Atlanta,2020-08-05,32,Clouds,Clouds,0.2336238068905199,0.18815243215627983,0.294248244881705,0.11042519583642413
Atlanta,2020-08-05,32,Clouds,Rain,0.4038079526778613,0.34228514327778,0.4610436620958673,0.11042519583642413
Atlanta,2020-08-05,32,Clouds,Snow,0.00422722488281372,0.0010293272744978511,0.010959644047935771,0.11042519583642413
Atlanta,2020-08-05,32,Clouds,Sun,0.3544747844574361,0.2984161871792152,0.4153612453706503,0.11042519583642413
Atlanta,2020-08-05,32,Rain,Clouds,0.1413378152127464,0.11825132521782777,0.1643902095449195,0.33488188369021765
Atlanta,2020-08-05,32,Rain,Rain,0.5028609099136097,0.46247662654567623,0.5359435152168524,0.33488188369021765
Atlanta,2020-08-05,32,Rain,Snow,0.0015334722954773148,3.6602368560222505e-4,0.004251826250476666,0.33488188369021765
Atlanta,2020-08-05,32,Rain,Sun,0.35502258877319903,0.321776410027035,0.3893546035462798,0.33488188369021765
Atlanta,2020-08-05,32,Snow,Clouds,0.24035172001673694,0.06458750644903796,0.49953931005669194,0.0018496226753674566
Atlanta,2020-08-05,32,Snow,Rain,0.258789886917725,0.07903405369633107,0.5566471555176423,0.0018496226753674566
Atlanta,2020-08-05,32,Snow,Snow,0.22451286528913034,0.05451475567504499,0.5104766077463276,0.0018496226753674566
Atlanta,2020-08-05,32,Snow,Sun,0.21775820980342186,0.05165382674873008,0.5200435614610399,0.0018496226753674566
Atlanta,2020-08-05,32,Sun,Clouds,0.0664994172613485,0.05354582072814581,0.08207699136824777,0.5528432977979908
Atlanta,2020-08-05,32,Sun,Rain,0.2191370189511046,0.19511990724453143,0.24501080300542366,0.5528432977979908
Atlanta,2020-08-05,32,Sun,Snow,8.186217893332261e-4,2.1524599754868762e-4,0.002407546876303624,0.5528432977979908
Atlanta,2020-08-05,32,Sun,Sun,0.7126235021546425,0.6872223852477921,0.7383291552894871,0.5528432977979908
Atlanta,2020-08-12,33,Clouds,Clouds,0.24475620128037606,0.19395470488646083,0.2998097346624471,0.1092910556498495
Atlanta,2020-08-12,33,Clouds,Rain,0.3935779961909607,0.33666760184561145,0.45039861511575613,0.1092910556498495
Atlanta,2020-08-12,33,Clouds,Snow,0.004321175536562607,0.0010849028210013854,0.011272959044960295,0.1092910556498495
Atlanta,2020-08-12,33,Clouds,Sun,0.3568023185846103,0.303737335753429,0.4152426412093386,0.1092910556498495
Atlanta,2020-08-12,33,Rain,Clouds,0.13759010064242372,0.11435745782828455,0.16126153776991592,0.31609267914329664
Atlanta,2020-08-12,33,Rain,Rain,0.49406320218455524,0.4579501743995518,0.5287372396396632,0.31609267914329664
Atlanta,2020-08-12,33,Rain,Snow,0.0015826087263641321,3.659860558824136e-4,0.004462307768410877,0.31609267914329664
Atlanta,2020-08-12,33,Rain,Sun,0.36728694820820007,0.3357606268390898,0.3998264112475671,0.31609267914329664
Atlanta,2020-08-12,33,Snow,Clouds,0.2418802832975119,0.06628973409518495,0.5030834328541179,0.0018813156282893341
Atlanta,2020-08-12,33,Snow,Rain,0.2677781255641601,0.07954807402555761,0.5548736738950149,0.0018813156282893341
Atlanta,2020-08-12,33,Snow,Snow,0.2230449526522441,0.055097035086316644,0.4984473389088671,0.0018813156282893341
Atlanta,2020-08-12,33,Snow,Sun,0.21680188449114757,0.0514251582680464,0.5133196294979822,0.0018813156282893341
Atlanta,2020-08-12,33,Sun,Clouds,0.06727919238662955,0.054935239716871344,0.08174051072998983,0.5727349495785645
Atlanta,2020-08-12,33,Sun,Rain,0.2029304418727452,0.1813942908758081,0.2265943064322769,0.5727349495785645
Atlanta,2020-08-12,33,Sun,Snow,8.522512146490796e-4,2.3055904339107692e-4,0.002414783929966637,0.5727349495785645
Atlanta,2020-08-12,33,Sun,Sun,0.7279288718157007,0.7050478713721883,0.7521297343138034,0.5727349495785645
Atlanta,2020-08-19,34,Clouds,Clouds,0.2557467086489247,0.20235629666350985,0.31363933315431497,0.10856047975126333
Atlanta,2020-08-19,34,Clouds,Rain,0.38560246653550534,0.3279813953905879,0.4394217590575974,0.10856047975126333
Atlanta,2020-08-19,34,Clouds,Snow,0.0042978405669488965,0.001036191642303218,0.01185586934761468,0.10856047975126333
Atlanta,2020-08-19,34,Clouds,Sun,0.3568983959135422,0.29820798856325414,0.41293277487926106,0.10856047975126333
Atlanta,2020-08-19,34,Rain,Clouds,0.1335023741214818,0.10934164533834057,0.15798206133503806,0.2962786979991777
Atlanta,2020-08-19,34,Rain,Rain,0.48469907805114987,0.4483609168599686,0.5204134883052767,0.2962786979991777
Atlanta,2020-08-19,34,Rain,Snow,0.0016382699125442593,3.712363281202182e-4,0.004584906608033431,0.2962786979991777
Atlanta,2020-08-19,34,Rain,Sun,0.380417451822092,0.34819095501460495,0.41518211524019044,0.2962786979991777
Atlanta,2020-08-19,34,Snow,Clouds,0.24068397930910937,0.06829475595726067,0.49967202574583097,0.0018916142350106967
Atlanta,2020-08-19,34,Snow,Rain,0.27392786240024103,0.08238844992268646,0.5525906095299669,0.0018916142350106967
Atlanta,2020-08-19,34,Snow,Snow,0.2186998716724289,0.05780771973922472,0.48663808988864865,0.0018916142350106967
Atlanta,2020-08-19,34,Snow,Sun,0.2142451121660635,0.052152764131747145,0.5171107606287275,0.0018916142350106967
Atlanta,2020-08-19,34,Sun,Clouds,0.06866503767471058,0.0562771384515997,0.08227983815559886,0.5932692080145483
Atlanta,2020-08-19,34,Sun,Rain,0.18567564494702582,0.16675548711516125,0.20634335077982546,0.5932692080145483
Atlanta,2020-08-19,34,Sun,Snow,8.85060680992453e-4,2.3762774384075821e-4,0.00249364926098618,0.5932692080145483
Atlanta,2020-08-19,34,Sun,Sun,0.7435639270359746,0.7222700064690684,0.7664050853794575,0.5932692080145483
Atlanta,2020-08-26,35,Clouds,Clouds,0.26367631695807586,0.2090970900223304,0.32365042244407893,0.10803981271662921
Atlanta,2020-08-26,35,Clouds,Rain,0.3780797968647851,0.31771896135094874,0.4332419154296304,0.10803981271662921
Atlanta,2020-08-26,35,Clouds,Snow,0.004237616886673258,9.598567262474359e-4,0.012402790485007326,0.10803981271662921
Atlanta,2020-08-26,35,Clouds,Sun,0.35448213759993785,0.29288975813473805,0.4110692539987477,0.10803981271662921
Atlanta,2020-08-26,35,Rain,Clouds,0.12829676537000448,0.10423984774072033,0.15511673180550306,0.2763880917432509
Atlanta,2020-08-26,35,Rain,Rain,0.47516550882263386,0.43670919978427536,0.5149916154323937,0.2763880917432509
Atlanta,2020-08-26,35,Rain,Snow,0.001713367900656955,4.079690708191096e-4,0.004778699791081559,0.2763880917432509
Atlanta,2020-08-26,35,Rain,Sun,0.3936682011738799,0.35757494790528954,0.4307328713625532,0.2763880917432509
Atlanta,2020-08-26,35,Snow,Clouds,0.24267460025721754,0.06635617607423744,0.49463719095704217,0.0018971221388414169
Atlanta,2020-08-26,35,Snow,Rain,0.2786168086776549,0.08416137842652421,0.5575993622333006,0.0018971221388414169
Atlanta,2020-08-26,35,Snow,Snow,0.21371464426564984,0.06103235028018681,0.4758020781053318,0.0018971221388414169
Atlanta,2020-08-26,35,Snow,Sun,0.21243175773998704,0.04880128752286131,0.5130809619570019,0.0018971221388414169
Atlanta,2020-08-26,35,Sun,Clouds,0.07102596953067519,0.05848734450195574,0.08511529887130286,0.6136749734012784
Atlanta,2020-08-26,35,Sun,Rain,0.16876327131890348,0.1517930772693371,0.1868610609596359,0.6136749734012784
Atlanta,2020-08-26,35,Sun,Snow,9.117164074671643e-4,2.2842354750929168e-4,0.0025193159253730103,0.6136749734012784
Atlanta,2020-08-26,35,Sun,Sun,0.7592147508647664,0.7377113183077223,0.7813278065847421,0.6136749734012784
Atlanta,2020-09-02,36,Clouds,Clouds,0.27186331310173806,0.21513781462885645,0.3317091491146408,0.1089860080247204
Atlanta,2020-09-02,36,Clouds,Rain,0.37161051077286,0.3107581854359166,0.43484372235499363,0.1089860080247204
Atlanta,2020-09-02,36,Clouds,Snow,0.00431854593992888,9.350377269943526e-4,0.012582328553672088,0.1089860080247204
Atlanta,2020-09-02,36,Clouds,Sun,0.34952909053560677,0.28481959661759426,0.41024361749859756,0.1089860080247204
Atlanta,2020-09-02,36,Rain,Clouds,0.12398283039448647,0.09788092492477735,0.1546811955058368,0.2582621456261824
Atlanta,2020-09-02,36,Rain,Rain,0.46700143036767805,0.4239349570730624,0.5118685380120007,0.2582621456261824
Atlanta,2020-09-02,36,Rain,Snow,0.0018309448771932936,5.203587217448003e-4,0.005160218493805768,0.2582621456261824
Atlanta,2020-09-02,36,Rain,Sun,0.4067010880342069,0.36490739907782677,0.4469859844681303,0.2582621456261824
Atlanta,2020-09-02,36,Snow,Clouds,0.24681153884135562,0.06720849442120286,0.49543068625247444,0.0019930020745967995
Atlanta,2020-09-02,36,Snow,Rain,0.2850911973839671,0.08810672116431933,0.5670758234585562,0.0019930020745967995
Atlanta,2020-09-02,36,Snow,Snow,0.2093992171570247,0.061844147304227014,0.4718478769780745,0.0019930020745967995
Atlanta,2020-09-02,36,Snow,Sun,0.20896522456544725,0.050861336006000755,0.500170952198509,0.0019930020745967995
Atlanta,2020-09-02,36,Sun,Clouds,0.07419753036455695,0.06100623410509058,0.08889642966157006,0.6307588442745005
Atlanta,2020-09-02,36,Sun,Rain,0.15295951606006464,0.1375125513835959,0.16963480577153223,0.6307588442745005
Atlanta,2020-09-02,36,Sun,Snow,0.0010009207990206033,3.2300845128245775e-4,0.0027791359656276866,0.6307588442745005
Atlanta,2020-09-02,36,Sun,Sun,0.7720200596990436,0.7512405914199372,0.7920019195802228,0.6307588442745005
Atlanta,2020-09-09,37,Clouds,Clouds,0.27883921163205855,0.21999498448294397,0.3404569859735713,0.11072617273834802
Atlanta,2020-09-09,37,Clouds,Rain,0.37075697213628944,0.30581250408619076,0.44041668536418754,0.11072617273834802
Atlanta,2020-09-09,37,Clouds,Snow,0.004495651981553515,9.883008291079502e-4,0.013024912019759874,0.11072617273834802
Atlanta,2020-09-09,37,Clouds,Sun,0.34260807579696473,0.27693499856239134,0.4093856634718752,0.11072617273834802
Atlanta,2020-09-09,37,Rain,Clouds,0.11970291990118917,0.09310804337246362,0.15234357290266148,0.24354369839122034
Atlanta,2020-09-09,37,Rain,Rain,0.46166213690874075,0.4163245035108688,0.5092044855354498,0.24354369839122034
Atlanta,2020-09-09,37,Rain,Snow,0.001972897874157672,5.81272298299171e-4,0.005509235332010771,0.24354369839122034
Atlanta,2020-09-09,37,Rain,Sun,0.4174346789673531,0.375234090807039,0.46365104130679174,0.24354369839122034
Atlanta,2020-09-09,37,Snow,Clouds,0.23914341683075407,0.06954354081002256,0.48981546059052206,0.0021156293722602013
Atlanta,2020-09-09,37,Snow,Rain,0.28957307725151465,0.0931369184189177,0.5616982993103636,0.0021156293722602013
Atlanta,2020-09-09,37,Snow,Snow,0.20452513893314117,0.062112367971055245,0.4753416817442825,0.0021156293722602013
Atlanta,2020-09-09,37,Snow,Sun,0.20687808694154408,0.050684499696329724,0.501257346916723,0.0021156293722602013
Atlanta,2020-09-09,37,Sun,Clouds,0.07794855033220224,0.06411978318960779,0.09353894483510156,0.6436144994981715
Atlanta,2020-09-09,37,Sun,Rain,0.13888978321583825,0.1239458764843766,0.15603269370513873,0.6436144994981715
Atlanta,2020-09-09,37,Sun,Snow,0.0010941385976386908,4.0208066611913324e-4,0.0029471213167607366,0.6436144994981715
Atlanta,2020-09-09,37,Sun,Sun,0.7822068081322154,0.7596029653617675,0.801733565039297,0.6436144994981715
Atlanta,2020-09-16,38,Clouds,Clouds,0.2825639701804667,0.22415049182846203,0.3444609442487241,0.11356596826056725
Atlanta,2020-09-16,38,Clouds,Rain,0.37346496811869734,0.3064208330254391,0.4449369995334198,0.11356596826056725
Atlanta,2020-09-16,38,Clouds,Snow,0.004592797940329782,0.0010877377221683868,0.013364043366124838,0.11356596826056725
Atlanta,2020-09-16,38,Clouds,Sun,0.33640646976174265,0.27035211227626044,0.4087441359701305,0.11356596826056725
Atlanta,2020-09-16,38,Rain,Clouds,0.1164892892392374,0.08974863160125379,0.1475259104841835,0.2329586909536982
Atlanta,2020-09-16,38,Rain,Rain,0.45699491005456383,0.4083134599025286,0.5051225547366762,0.2329586909536982
Atlanta,2020-09-16,38,Rain,Snow,0.0021599161942239585,7.161447831693527e-4,0.006134834107960848,0.2329586909536982
Atlanta,2020-09-16,38,Rain,Sun,0.4258947274714667,0.3805110467186915,0.47348494618218245,0.2329586909536982
Atlanta,2020-09-16,38,Snow,Clouds,0.23694950498929035,0.07018725873851704,0.4918013931177678,0.0022614305873924264
Atlanta,2020-09-16,38,Snow,Rain,0.29249868952505775,0.09908449567147337,0.5642875904672058,0.0022614305873924264
Atlanta,2020-09-16,38,Snow,Snow,0.201180247990518,0.06418704780571666,0.47276639239062024,0.0022614305873924264
Atlanta,2020-09-16,38,Snow,Sun,0.20810475441068346,0.05058385866499264,0.5003078558712426,0.0022614305873924264
Atlanta,2020-09-16,38,Sun,Clouds,0.08258369450916145,0.0683237304157844,0.09854870231187401,0.6512139101983421
Atlanta,2020-09-16,38,Sun,Rain,0.12802998507544971,0.11384511859028544,0.14627387270052172,0.6512139101983421
Atlanta,2020-09-16,38,Sun,Snow,0.0011996796757385818,5.00666025092985e-4,0.003110426515665188,0.6512139101983421
Atlanta,2020-09-16,38,Sun,Sun,0.7880476529652283,0.7646190700421284,0.8075573281735362,0.6512139101983421
Atlanta,2020-09-23,39,Clouds,Clouds,0.2834126261567253,0.225634681219549,0.34470788929213136,0.1171654427016888
Atlanta,2020-09-23,39,Clouds,Rain,0.3799177173029954,0.31303594966613857,0.450699790293566,0.1171654427016888
Atlanta,2020-09-23,39,Clouds,Snow,0.004681013864638386,0.001163421826445194,0.013559538851437711,0.1171654427016888
Atlanta,2020-09-23,39,Clouds,Sun,0.3312492305795488,0.2663411076297718,0.40212390709935697,0.1171654427016888
Atlanta,2020-09-23,39,Rain,Clouds,0.11360697379433327,0.08769312015365488,0.14245968515496246,0.22690277037157386
Atlanta,2020-09-23,39,Rain,Rain,0.4538551418282864,0.40435866309446816,0.500883660876184,0.22690277037157386
Atlanta,2020-09-23,39,Rain,Snow,0.002390923933356308,9.045643946328465e-4,0.006405217734321202,0.22690277037157386
Atlanta,2020-09-23,39,Rain,Sun,0.4313030688376364,0.3832567992391739,0.4773940509500756,0.22690277037157386
Atlanta,2020-09-23,39,Snow,Clouds,0.23755699528298155,0.07064774418646996,0.4758351279288648,0.0024976663394853265
Atlanta,2020-09-23,39,Snow,Rain,0.2995196635624612,0.10055265116127005,0.5638729489941476,0.0024976663394853265
Atlanta,2020-09-23,39,Snow,Snow,0.2023123681719204,0.05915066353693019,0.4575374735937815,0.0024976663394853265
Atlanta,2020-09-23,39,Snow,Sun,0.2138231641270788,0.05525549914641634,0.50452870386819,0.0024976663394853265
Atlanta,2020-09-23,39,Sun,Clouds,0.08818711592671885,0.07349365995127473,0.10454266374057507,0.653434120587252
Atlanta,2020-09-23,39,Sun,Rain,0.120487573960881,0.10667916013302775,0.13797123920210347,0.653434120587252
Atlanta,2020-09-23,39,Sun,Snow,0.0013806600417545238,6.028019081823514e-4,0.00341832042273558,0.653434120587252
Atlanta,2020-09-23,39,Sun,Sun,0.7903283492511566,0.7665636419814927,0.8086881637401577,0.653434120587252
Atlanta,2020-09-30,40,Clouds,Clouds,0.28005045044953547,0.22329907916307365,0.34000256567626796,0.12133455892101969
Atlanta,2020-09-30,40,Clouds,Rain,0.3886011195522294,0.3248735637899141,0.4582693055440094,0.12133455892101969
Atlanta,2020-09-30,40,Clouds,Snow,0.00481772068125424,0.0013049466461287052,0.013900824815054223,0.12133455892101969
Atlanta,2020-09-30,40,Clouds,Sun,0.32522165071058257,0.26223912481050893,0.39305343852621444,0.12133455892101969
Atlanta,2020-09-30,40,Rain,Clouds,0.11226724698529802,0.0864187668765435,0.13951536790086036,0.22640445176101454
Atlanta,2020-09-30,40,Rain,Rain,0.4529957936351273,0.4049222812052877,0.49699012114537616,0.22640445176101454
Atlanta,2020-09-30,40,Rain,Snow,0.0027256519521015213,0.0011212441948685202,0.006924294454783743,0.22640445176101454
Atlanta,2020-09-30,40,Rain,Sun,0.43288094888379847,0.38803814732108055,0.477747730230831,0.22640445176101454
Atlanta,2020-09-30,40,Snow,Clouds,0.23515909954710418,0.06885180249122178,0.46009575085026727,0.002806326538538577
Atlanta,2020-09-30,40,Snow,Rain,0.3036669163904696,0.10465529401215908,0.5708166161780188,0.002806326538538577
Atlanta,2020-09-30,40,Snow,Snow,0.19832099146521415,0.056639501891961035,0.4484338941684606,0.002806326538538577
Atlanta,2020-09-30,40,Snow,Sun,0.21660541157757168,0.056565287020648766,0.5103462256393663,0.002806326538538577
Atlanta,2020-09-30,40,Sun,Clouds,0.09434445066030984,0.080223760998652055,0.1099488708255171,0.6494546627794273
Atlanta,2020-09-30,40,Sun,Rain,0.11676366637358895,0.1025915731486419,0.13440050382951169,0.6494546627794273
Atlanta,2020-09-30,40,Sun,Snow,0.0016136790741764153,7.784084657813249e-4,0.0038627039746269697,0.6494546627794273
Atlanta,2020-09-30,40,Sun,Sun,0.7873613242606277,0.7650492404615366,0.8061377874512374,0.6494546627794273
Atlanta,2020-10-07,41,Clouds,Clouds,0.2740610075456653,0.22609676438715332,0.3303149880888877,0.12577321620434503
Atlanta,2020-10-07,41,Clouds,Rain,0.40152695656752796,0.3385147171864803,0.4629700964711215,0.12577321620434503
Atlanta,2020-10-07,41,Clouds,Snow,0.004992781218502541,0.0014247898445765997,0.014205683569617869,0.12577321620434503
Atlanta,2020-10-07,41,Clouds,Sun,0.31942386572395165,0.2593558590227119,0.3814033685135332,0.12577321620434503
Atlanta,2020-10-07,41,Rain,Clouds,0.11168395344263357,0.08801844257750116,0.13738990551058544,0.23067038918186558
Atlanta,2020-10-07,41,Rain,Rain,0.45306354279685956,0.4090862964852413,0.4959294052160744,0.23067038918186558
Atlanta,2020-10-07,41,Rain,Snow,0.003162234320812915,0.001416491843380564,0.007524279446938764,0.23067038918186558
Atlanta,2020-10-07,41,Rain,Sun,0.431107065469596,0.39023842983277085,0.4734047184209791,0.23067038918186558
Atlanta,2020-10-07,41,Snow,Clouds,0.23218702646531864,0.06989100385144156,0.4516944160250306,0.003233962144122362
Atlanta,2020-10-07,41,Snow,Rain,0.30485224344722883,0.10943836707353871,0.557670131774365,0.003233962144122362
Atlanta,2020-10-07,41,Snow,Snow,0.19684277813322767,0.05609672619858315,0.4293016727925456,0.003233962144122362
Atlanta,2020-10-07,41,Snow,Sun,0.2218589946714048,0.06124419219057524,0.49976505718745856,0.003233962144122362
Atlanta,2020-10-07,41,Sun,Clouds,0.10118813367229053,0.08634573344888688,0.11719367042739887,0.640322432469667
Atlanta,2020-10-07,41,Sun,Rain,0.11662758269627913,0.10132417916960912,0.1344190714506897,0.640322432469667
Atlanta,2020-10-07,41,Sun,Snow,0.0019366027393807929,0.0010169350503675134,0.00431770423108096,0.640322432469667
Atlanta,2020-10-07,41,Sun,Sun,0.7808544844281146,0.7583061613484556,0.7992109486244039,0.640322432469667
Atlanta,2020-10-14,42,Clouds,Clouds,0.2675165131717896,0.21903276473503241,0.316068842461975,0.12994944183360016
Atlanta,2020-10-14,42,Clouds,Rain,0.41442443378234395,0.3567644447283306,0.4718434285607961,0.12994944183360016
Atlanta,2020-10-14,42,Clouds,Snow,0.005414042636237103,0.0015578275042209583,0.014206093889164382,0.12994944183360016
Atlanta,2020-10-14,42,Clouds,Sun,0.31199432972854557,0.2548208860122905,0.3691329484305974,0.12994944183360016
Atlanta,2020-10-14,42,Rain,Clouds,0.11220389500937589,0.0900825468307713,0.13834689588719878,0.2389897429398361
Atlanta,2020-10-14,42,Rain,Rain,0.4567973719466798,0.4143445708877505,0.4963534122428469,0.2389897429398361
Atlanta,2020-10-14,42,Rain,Snow,0.003640615327514911,0.001860644280678856,0.008375847217904514,0.2389897429398361
Atlanta,2020-10-14,42,Rain,Sun,0.4277083293148425,0.38975515635722835,0.46609775589528096,0.2389897429398361
Atlanta,2020-10-14,42,Snow,Clouds,0.2294916676956541,0.07066116902873268,0.43708215706308573,0.003771681952749212
Atlanta,2020-10-14,42,Snow,Rain,0.3082076532764082,0.11327927262044282,0.5570874886190079,0.003771681952749212
Atlanta,2020-10-14,42,Snow,Snow,0.1975526829632009,0.05752414297484325,0.4138519947424515,0.003771681952749212
Atlanta,2020-10-14,42,Snow,Sun,0.22661732561481865,0.07166418638873236,0.4924055898097719,0.003771681952749212
Atlanta,2020-10-14,42,Sun,Clouds,0.10750473481770478,0.09306466107220407,0.12428341923297614,0.6272891332738144
Atlanta,2020-10-14,42,Sun,Rain,0.11904860194311635,0.10221777896151674,0.1377394495977697,0.6272891332738144
Atlanta,2020-10-14,42,Sun,Snow,0.0023130919273851272,0.0013287134774491438,0.004740567359531756,0.6272891332738144
Atlanta,2020-10-14,42,Sun,Sun,0.7705285572586359,0.7484729731404919,0.7899919353817441,0.6272891332738144
Atlanta,2020-10-21,43,Clouds,Clouds,0.2582585226477575,0.2104018798035682,0.3070549784214911,0.13404577615856453
Atlanta,2020-10-21,43,Clouds,Rain,0.4265674587256501,0.3720788125666892,0.48536788451078583,0.13404577615856453
Atlanta,2020-10-21,43,Clouds,Snow,0.005743940382923089,0.001834778079416008,0.014178879282989472,0.13404577615856453
Atlanta,2020-10-21,43,Clouds,Sun,0.30527693905193215,0.2509450482279624,0.358662326839908,0.13404577615856453
Atlanta,2020-10-21,43,Rain,Clouds,0.11280378713336593,0.09134812508279933,0.1397752343995,0.24995061936617183
Atlanta,2020-10-21,43,Rain,Rain,0.46048095866507543,0.4216886473236135,0.5013635445401219,0.24995061936617183
Atlanta,2020-10-21,43,Rain,Snow,0.004375510363714285,0.0023189094904042997,0.009419466137320542,0.24995061936617183
Atlanta,2020-10-21,43,Rain,Sun,0.4210672898484161,0.3825110076828782,0.45846275523906843,0.24995061936617183
Atlanta,2020-10-21,43,Snow,Clouds,0.22865476460508555,0.07210322725850525,0.4226933067189014,0.004503109259029245
Atlanta,2020-10-21,43,Snow,Rain,0.30718171590729015,0.11506858350637472,0.549375652501879,0.004503109259029245
Atlanta,2020-10-21,43,Snow,Snow,0.19894831862320883,0.05534673151525012,0.40640514372381953,0.004503109259029245
Atlanta,2020-10-21,43,Snow,Sun,0.23667415454954044,0.08372701823904444,0.49626641186358694,0.004503109259029245
Atlanta,2020-10-21,43,Sun,Clouds,0.11462654623841823,0.09795062028523774,0.13142603390224666,0.6115004952162344
Atlanta,2020-10-21,43,Sun,Rain,0.12442954901100615,0.10749766997207588,0.14512472480031222,0.6115004952162344
Atlanta,2020-10-21,43,Sun,Snow,0.0028454264267777623,0.0016928698450514785,0.005563603168847195,0.6115004952162344
Atlanta,2020-10-21,43,Sun,Sun,0.7584205229867746,0.7343806129096777,0.7801779987141777,0.6115004952162344
Atlanta,2020-10-28,44,Clouds,Clouds,0.2503391076260944,0.20089909913058152,0.2992495919267841,0.1374721889324116
Atlanta,2020-10-28,44,Clouds,Rain,0.4391460084281816,0.3841676363342502,0.5001392139844052,0.1374721889324116
Atlanta,2020-10-28,44,Clouds,Snow,0.006219680940131699,0.0020104259436019307,0.01461124567201065,0.1374721889324116
Atlanta,2020-10-28,44,Clouds,Sun,0.3010978630595099,0.24642164688500054,0.3574345986585079,0.1374721889324116
Atlanta,2020-10-28,44,Rain,Clouds,0.11456931238593061,0.09191937298795978,0.14192402187119346,0.2629194707983526
Atlanta,2020-10-28,44,Rain,Rain,0.46502007263342043,0.42772486008011956,0.5077218650341286,0.2629194707983526
Atlanta,2020-10-28,44,Rain,Snow,0.005087020100282664,0.0028742340465698255,0.01062189664957067,0.2629194707983526
Atlanta,2020-10-28,44,Rain,Sun,0.41337789391533236,0.372921404999759,0.4499416385055598,0.2629194707983526
Atlanta,2020-10-28,44,Snow,Clouds,0.22048880349512218,0.07168591624136704,0.40883644843141353,0.005332254075908779
Atlanta,2020-10-28,44,Snow,Rain,0.3027333044111912,0.1147736389678319,0.5391327302739267,0.005332254075908779
Atlanta,2020-10-28,44,Snow,Snow,0.19639197680955703,0.054150619718466346,0.39946345310808096,0.005332254075908779
Atlanta,2020-10-28,44,Snow,Sun,0.24820548001108406,0.10006492221443752,0.5034812847165258,0.005332254075908779
Atlanta,2020-10-28,44,Sun,Clouds,0.12047671926636011,0.10197201542965897,0.139122182847071,0.5942760861933271
Atlanta,2020-10-28,44,Sun,Rain,0.13185875127542174,0.11327980283339609,0.15506261737823393,0.5942760861933271
Atlanta,2020-10-28,44,Sun,Snow,0.0035105137896677425,0.002196668504192518,0.006486611318253466,0.5942760861933271
Atlanta,2020-10-28,44,Sun,Sun,0.7440494212635599,0.7168860684109293,0.7695634030135448,0.5942760861933271
Atlanta,2020-11-04,45,Clouds,Clouds,0.24247539962214537,0.19202204122499583,0.29746170054341925,0.14096164486042437
Atlanta,2020-11-04,45,Clouds,Rain,0.4502698073811755,0.39464068991405316,0.5164175523135289,0.14096164486042437
Atlanta,2020-11-04,45,Clouds,Snow,0.006693344302280739,0.002390512500413755,0.015570310558739666,0.14096164486042437
Atlanta,2020-11-04,45,Clouds,Sun,0.2976188112011114,0.23803638791300588,0.3524338023855921,0.14096164486042437
Atlanta,2020-11-04,45,Rain,Clouds,0.11893382435770322,0.09364803576040912,0.14855585988637499,0.2768783849777579
Atlanta,2020-11-04,45,Rain,Rain,0.46978043314430346,0.43225362409073725,0.5156600876124262,0.2768783849777579
Atlanta,2020-11-04,45,Rain,Snow,0.006128274295530691,0.003631967690722119,0.011841228068226777,0.2768783849777579
Atlanta,2020-11-04,45,Rain,Sun,0.4029035231297934,0.3597749213544942,0.44262517696553727,0.2768783849777579
Atlanta,2020-11-04,45,Snow,Clouds,0.20894038558869113,0.06929829449871353,0.392393650531687,0.006417497500942985
Atlanta,2020-11-04,45,Snow,Rain,0.29822205007900615,0.11190820562535345,0.5337243758723204,0.006417497500942985
Atlanta,2020-11-04,45,Snow,Snow,0.1982693461088253,0.05831271869992994,0.4001903932508611,0.006417497500942985
Atlanta,2020-11-04,45,Snow,Sun,0.26232007571235577,0.12137468453230141,0.5132772322922952,0.006417497500942985
Atlanta,2020-11-04,45,Sun,Clouds,0.1257494203217202,0.10513369842113751,0.14426400328172612,0.5757424726608747
Atlanta,2020-11-04,45,Sun,Rain,0.14103981874357002,0.1212430296231509,0.16545197892039745,0.5757424726608747
Atlanta,2020-11-04,45,Sun,Snow,0.0043417578197904386,0.002793053251235158,0.0074271800155788935,0.5757424726608747
Atlanta,2020-11-04,45,Sun,Sun,0.7296583432514213,0.7005418515259734,0.7562563141585944,0.5757424726608747
Atlanta,2020-11-11,46,Clouds,Clouds,0.23653602641349683,0.1879910616810807,0.2958095126671558,0.1439206091011824
Atlanta,2020-11-11,46,Clouds,Rain,0.4604615009926126,0.40068698950990456,0.5289972630314088,0.1439206091011824
Atlanta,2020-11-11,46,Clouds,Snow,0.0073853737972572435,0.002602174198072786,0.016465159009981356,0.1439206091011824
Atlanta,2020-11-11,46,Clouds,Sun,0.29316258994013855,0.2313320437587475,0.34998048058437903,0.1439206091011824
Atlanta,2020-11-11,46,Rain,Clouds,0.12399278474967218,0.09687198554620066,0.15436120562322256,0.2910623846994247
Atlanta,2020-11-11,46,Rain,Rain,0.4743674452297819,0.4364047934688601,0.5229255211079712,0.2910623846994247
Atlanta,2020-11-11,46,Rain,Snow,0.007286820277227422,0.004451808443018457,0.013065039824177957,0.2910623846994247
Atlanta,2020-11-11,46,Rain,Sun,0.39205120681780803,0.34752231936170996,0.43505464017496165,0.2910623846994247
Atlanta,2020-11-11,46,Snow,Clouds,0.19774982746171493,0.06828150062948934,0.3851369778037159,0.007693635315081604
Atlanta,2020-11-11,46,Snow,Rain,0.2883755165040466,0.10954699220771531,0.5202471920869449,0.007693635315081604
Atlanta,2020-11-11,46,Snow,Snow,0.19761816387309433,0.06251549316781368,0.3942590206500193,0.007693635315081604
Atlanta,2020-11-11,46,Snow,Sun,0.2765687243731807,0.14280729042279602,0.5224742440359902,0.007693635315081604
Atlanta,2020-11-11,46,Sun,Clouds,0.1294501778303056,0.10763538754788615,0.14903248256827067,0.5573233708843113
Atlanta,2020-11-11,46,Sun,Rain,0.1511824433327652,0.13059121412749983,0.1749444612216869,0.5573233708843113
Atlanta,2020-11-11,46,Sun,Snow,0.005352205527747106,0.0034579121140884067,0.00848278680085299,0.5573233708843113
Atlanta,2020-11-11,46,Sun,Sun,0.7148837090809277,0.6847889749394978,0.7436565034715961,0.5573233708843113
Atlanta,2020-11-18,47,Clouds,Clouds,0.23322942487390966,0.1856110068153468,0.29317925404032497,0.1462786525386978
Atlanta,2020-11-18,47,Clouds,Rain,0.46780966285584413,0.4056728947007155,0.5340491451770037,0.1462786525386978
Atlanta,2020-11-18,47,Clouds,Snow,0.008145321022923443,0.0028739470199137026,0.017975819914022487,0.1462786525386978
Atlanta,2020-11-18,47,Clouds,Sun,0.28970195261405135,0.22617455484010696,0.34763691159307514,0.1462786525386978
Atlanta,2020-11-18,47,Rain,Clouds,0.12920160618602197,0.10183029141916472,0.1614251272090671,0.3042594585649371
Atlanta,2020-11-18,47,Rain,Rain,0.47895846835067324,0.4392858160878992,0.5303341555780796,0.3042594585649371
Atlanta,2020-11-18,47,Rain,Snow,0.008678275363231298,0.00532962871583369,0.014533839597303184,0.3042594585649371
Atlanta,2020-11-18,47,Rain,Sun,0.3815585008564113,0.3356912924731319,0.4238485703094135,0.3042594585649371
Atlanta,2020-11-18,47,Snow,Clouds,0.18595120050400493,0.06432024518817722,0.3762257410555988,0.009104484705027607
Atlanta,2020-11-18,47,Snow,Rain,0.2776565393677976,0.10901668980877632,0.5021449602279162,0.009104484705027607
Atlanta,2020-11-18,47,Snow,Snow,0.19530344409207395,0.06588621155752605,0.3885290744079085,0.009104484705027607
Atlanta,2020-11-18,47,Snow,Sun,0.29873331054134655,0.16915443533431185,0.5357064532358438,0.009104484705027607
Atlanta,2020-11-18,47,Sun,Clouds,0.1314806132107317,0.11022719924864526,0.15184845551054987,0.5403574041913375
Atlanta,2020-11-18,47,Sun,Rain,0.16163504617322158,0.14065658230049732,0.18498208177536823,0.5403574041913375
Atlanta,2020-11-18,47,Sun,Snow,0.006453973464386307,0.004145689044920781,0.009912436768757598,0.5403574041913375
Atlanta,2020-11-18,47,Sun,Sun,0.700933202403867,0.6713471722474565,0.7296553581657548,0.5403574041913375
Atlanta,2020-11-25,48,Clouds,Clouds,0.23179298601022025,0.18636811586228988,0.2888720734323783,0.14845788186980546
Atlanta,2020-11-25,48,Clouds,Rain,0.4691654744747558,0.4078048139539667,0.5338125776278082,0.14845788186980546
Atlanta,2020-11-25,48,Clouds,Snow,0.009144502122854496,0.003153069566748047,0.018959570742499994,0.14845788186980546
Atlanta,2020-11-25,48,Clouds,Sun,0.28736269782549584,0.2247864914600325,0.3464415177924398,0.14845788186980546
Atlanta,2020-11-25,48,Rain,Clouds,0.13562740744739474,0.10901536038317222,0.16652008948991384,0.3160224717978407
Atlanta,2020-11-25,48,Rain,Rain,0.48231116648257477,0.44402238344282186,0.5339013163319826,0.3160224717978407
Atlanta,2020-11-25,48,Rain,Snow,0.010211300020757905,0.006283868376929959,0.016552650845465998,0.3160224717978407
Atlanta,2020-11-25,48,Rain,Sun,0.37030213849939697,0.3263111393516297,0.413207224780216,0.3160224717978407
Atlanta,2020-11-25,48,Snow,Clouds,0.17371218483826906,0.06002670372381219,0.348793799148046,0.010695841811976917
Atlanta,2020-11-25,48,Snow,Rain,0.2695536442798795,0.11289700803725812,0.47914300294927487,0.010695841811976917
Atlanta,2020-11-25,48,Snow,Snow,0.19205798838846203,0.07047717056963884,0.38176970058156945,0.010695841811976917
Atlanta,2020-11-25,48,Snow,Sun,0.3191972188448961,0.19621490347203524,0.5506545121394718,0.010695841811976917
Atlanta,2020-11-25,48,Sun,Clouds,0.13175907958172256,0.11227820811986713,0.15277606432586066,0.5248238045203769
Atlanta,2020-11-25,48,Sun,Rain,0.17280195848682298,0.15165329654821996,0.19509121790032852,0.5248238045203769
Atlanta,2020-11-25,48,Sun,Snow,0.007706033941349007,0.004988205354016296,0.011433297854283432,0.5248238045203769
Atlanta,2020-11-25,48,Sun,Sun,0.688039915975304,0.6594909969910114,0.715590346775367,0.5248238045203769
Atlanta,2020-12-02,49,Clouds,Clouds,0.2340387903216899,0.18726192136174696,0.2884712304847574,0.15098550549569043
Atlanta,2020-12-02,49,Clouds,Rain,0.4670176468096305,0.4099485046723285,0.5301419543515475,0.15098550549569043
Atlanta,2020-12-02,49,Clouds,Snow,0.01005742535996948,0.003597801643026562,0.01946360794541063,0.15098550549569043
Atlanta,2020-12-02,49,Clouds,Sun,0.2871841147504457,0.23054607166161195,0.3436493509198446,0.15098550549569043
Atlanta,2020-12-02,49,Rain,Clouds,0.1424944263238076,0.11717489775667461,0.17243625150767689,0.32563363095455927
Atlanta,2020-12-02,49,Rain,Rain,0.4848318260904586,0.44853593653316076,0.5282580438429041,0.32563363095455927
Atlanta,2020-12-02,49,Rain,Snow,0.011779719606039884,0.0074138969911970755,0.018709599457421417,0.32563363095455927
Atlanta,2020-12-02,49,Rain,Sun,0.3590711029216499,0.3185701066779834,0.4000320465734178,0.32563363095455927
Atlanta,2020-12-02,49,Snow,Clouds,0.1600818857315191,0.059318293953606355,0.3231916203396311,0.012438058443683871
Atlanta,2020-12-02,49,Snow,Rain,0.25744363843796625,0.11241429181798611,0.45211362135585753,0.012438058443683871
Atlanta,2020-12-02,49,Snow,Snow,0.1965020850729856,0.0771288958775425,0.3673256710903212,0.012438058443683871
Atlanta,2020-12-02,49,Snow,Sun,0.3451514465624408,0.21942867814734485,0.5648597286553823,0.012438058443683871
Atlanta,2020-12-02,49,Sun,Clouds,0.13129057716368647,0.112722021732861,0.1508243291509842,0.5109428051060665
Atlanta,2020-12-02,49,Sun,Rain,0.183315443303386,0.16222593124543055,0.2055898111551581,0.5109428051060665
Atlanta,2020-12-02,49,Sun,Snow,0.009052169846648112,0.0057906594956881625,0.013363477378421258,0.5109428051060665
Atlanta,2020-12-02,49,Sun,Sun,0.6767320779357956,0.6492151995580633,0.7020682261398148,0.5109428051060665
Atlanta,2020-12-09,50,Clouds,Clouds,0.2369533392481279,0.19003296610735937,0.2880276345695941,0.1533338543848583
Atlanta,2020-12-09,50,Clouds,Rain,0.46400652547307236,0.4088830633411096,0.5191491440492428,0.1533338543848583
Atlanta,2020-12-09,50,Clouds,Snow,0.010983478848904965,0.0040629025617039596,0.021383246559062735,0.1533338543848583
Atlanta,2020-12-09,50,Clouds,Sun,0.2867217336404291,0.23606114676198547,0.34360680065615656,0.1533338543848583
Atlanta,2020-12-09,50,Rain,Clouds,0.14919940876381824,0.12457272628029264,0.17916162826790094,0.33300912647622904
Atlanta,2020-12-09,50,Rain,Rain,0.48573192383520525,0.45179913557409845,0.5274816743095312,0.33300912647622904
Atlanta,2020-12-09,50,Rain,Snow,0.013435159384380866,0.008585898235216004,0.020328737222749107,0.33300912647622904
Atlanta,2020-12-09,50,Rain,Sun,0.34907813551437594,0.3118694647294604,0.38699218066767027,0.33300912647622904
Atlanta,2020-12-09,50,Snow,Clouds,0.14897664808467131,0.05868252940459302,0.292722555412765,0.014204984815504095
Atlanta,2020-12-09,50,Snow,Rain,0.24403518313705624,0.11189384235318905,0.42249844736605974,0.014204984815504095
Atlanta,2020-12-09,50,Snow,Snow,0.1971340091098457,0.08674168046753428,0.3520981949976667,0.014204984815504095
Atlanta,2020-12-09,50,Snow,Sun,0.3756678296145939,0.24496945104963555,0.5688837377979414,0.014204984815504095
Atlanta,2020-12-09,50,Sun,Clouds,0.13011451136467816,0.11235069006316939,0.1494037465461986,0.49945203432340857
Atlanta,2020-12-09,50,Sun,Rain,0.19256479350937228,0.1707113854553683,0.21612101430357938,0.49945203432340857
Atlanta,2020-12-09,50,Sun,Snow,0.010464886066157812,0.006777300823091915,0.015486775172095464,0.49945203432340857
Atlanta,2020-12-09,50,Sun,Sun,0.6671479907687969,0.6404791629740072,0.69152438793681,0.49945203432340857
Atlanta,2020-12-16,51,Clouds,Clouds,0.24076495182291435,0.19454108996340988,0.2867365900934017,0.15531276032113095
Atlanta,2020-12-16,51,Clouds,Rain,0.45808959453232834,0.40232506811962954,0.5138643360080556,0.15531276032113095
Atlanta,2020-12-16,51,Clouds,Snow,0.011675827352571382,0.004515350051984663,0.023545998989477318,0.15531276032113095
Atlanta,2020-12-16,51,Clouds,Sun,0.2878075159637118,0.23700660070776677,0.3418771537624019,0.15531276032113095
Atlanta,2020-12-16,51,Rain,Clouds,0.15565154855668312,0.1313688843462004,0.18510289538704422,0.33945226765614933
Atlanta,2020-12-16,51,Rain,Rain,0.4875810887665165,0.45371829173542966,0.5280586522011234,0.33945226765614933
Atlanta,2020-12-16,51,Rain,Snow,0.014976423452062355,0.009359148738652553,0.02250150521738222,0.33945226765614933
Atlanta,2020-12-16,51,Rain,Sun,0.3398783080197836,0.3042745989657425,0.37500807427252225,0.33945226765614933
Atlanta,2020-12-16,51,Snow,Clouds,0.13824574098520814,0.05606546760686658,0.26749816536796434,0.01588915482252411
Atlanta,2020-12-16,51,Snow,Rain,0.23181240439331863,0.10336847353245214,0.391809254879501,0.01588915482252411
Atlanta,2020-12-16,51,Snow,Snow,0.20072312979331153,0.09192724029555392,0.33576752026639906,0.01588915482252411
Atlanta,2020-12-16,51,Snow,Sun,0.4045538811406076,0.2728583105149682,0.5773652099039285,0.01588915482252411
Atlanta,2020-12-16,51,Sun,Clouds,0.12810927895909308,0.1096211427015257,0.14705577923622226,0.48934581720019565
Atlanta,2020-12-16,51,Sun,Rain,0.20166173295803896,0.17844723116596495,0.2260973834286802,0.48934581720019565
Atlanta,2020-12-16,51,Sun,Snow,0.011816936777781135,0.007716990337492358,0.017306606201726485,0.48934581720019565
Atlanta,2020-12-16,51,Sun,Sun,0.658484751272997,0.6313157995723757,0.6830036895743364,0.48934581720019565
Atlanta,2020-12-23,52,Clouds,Clouds,0.24425416506401298,0.19683540817436063,0.2891269070383573,0.15702923285970613
Atlanta,2020-12-23,52,Clouds,Rain,0.45154834678196154,0.39608101312275057,0.5083342920425604,0.15702923285970613
Atlanta,2020-12-23,52,Clouds,Snow,0.012335710363771159,0.004866429974312468,0.023970057003075754,0.15702923285970613
Atlanta,2020-12-23,52,Clouds,Sun,0.29031426556769635,0.2383041857882175,0.34403603620483825,0.15702923285970613
Atlanta,2020-12-23,52,Rain,Clouds,0.16251161182420193,0.13587956540071233,0.19095440813195455,0.34336659905296313
Atlanta,2020-12-23,52,Rain,Rain,0.4873145942959901,0.45123266439835985,0.526730402471933,0.34336659905296313
Atlanta,2020-12-23,52,Rain,Snow,0.01633098981555251,0.01000600470145966,0.024522006776623466,0.34336659905296313
Atlanta,2020-12-23,52,Rain,Sun,0.3336110503007351,0.2969740039161901,0.3676772105277313,0.34336659905296313
Atlanta,2020-12-23,52,Snow,Clouds,0.12688517360875268,0.053608498094128446,0.24218529588030532,0.017338278981375337
Atlanta,2020-12-23,52,Snow,Rain,0.2194004486110979,0.10053376758260706,0.35857670468674485,0.017338278981375337
Atlanta,2020-12-23,52,Snow,Snow,0.2027766806107642,0.1005151502585322,0.32267854883276137,0.017338278981375337
Atlanta,2020-12-23,52,Snow,Sun,0.4326348423988099,0.3035212864528151,0.5941036218339666,0.017338278981375337
Atlanta,2020-12-23,52,Sun,Clouds,0.12568417436952534,0.10687035226008143,0.14535313601160874,0.4822658891059553
Atlanta,2020-12-23,52,Sun,Rain,0.20983776777356244,0.1855136146894179,0.23491272075192252,0.4822658891059553
Atlanta,2020-12-23,52,Sun,Snow,0.013003771369555063,0.008508920815656806,0.018883214808020816,0.4822658891059553
Atlanta,2020-12-23,52,Sun,Sun,0.6520093163628836,0.6224561669675189,0.6780623064211022,0.4822658891059553
Atlanta,2020-12-30,53,Clouds,Clouds,0.24825915809699367,0.19892968003054293,0.2920579404763011,0.15789123138461428
Atlanta,2020-12-30,53,Clouds,Rain,0.4459277800069315,0.3859900906703073,0.5028924215771114,0.15789123138461428
Atlanta,2020-12-30,53,Clouds,Snow,0.013080360111987575,0.005436755693474243,0.02517359356373308,0.15789123138461428
Atlanta,2020-12-30,53,Clouds,Sun,0.29384352775493777,0.2422198104457483,0.35081647212852607,0.15789123138461428
Atlanta,2020-12-30,53,Rain,Clouds,0.1667098005439578,0.13983519608249403,0.19611000569806025,0.34567585595815736
Atlanta,2020-12-30,53,Rain,Rain,0.48565737963998645,0.446895419742657,0.5253020403362235,0.34567585595815736
Atlanta,2020-12-30,53,Rain,Snow,0.017575382817897396,0.010610003896504024,0.026152773130054575,0.34567585595815736
Atlanta,2020-12-30,53,Rain,Sun,0.328175730381693,0.29175216437137463,0.36491406195977183,0.34567585595815736
Atlanta,2020-12-30,53,Snow,Clouds,0.11542189864741537,0.050562466085439045,0.21479599199439442,0.01866743682253286
Atlanta,2020-12-30,53,Snow,Rain,0.20871731976884028,0.10035905569396014,0.3188947613261066,0.01866743682253286
Atlanta,2020-12-30,53,Snow,Snow,0.20578194222778287,0.1045362453299383,0.321910031736951,0.01866743682253286
Atlanta,2020-12-30,53,Snow,Sun,0.46131242104589526,0.33455059256209674,0.5974828489725007,0.01866743682253286
Atlanta,2020-12-30,53,Sun,Clouds,0.12291334239450492,0.1031022046865638,0.14349361236302688,0.47776547583469553
Atlanta,2020-12-30,53,Sun,Rain,0.2157572126620435,0.18919608139073957,0.24334098129256293,0.47776547583469553
Atlanta,2020-12-30,53,Sun,Snow,0.013946602570055035,0.008968888402514544,0.020503538790555078,0.47776547583469553
Atlanta,2020-12-30,53,Sun,Sun,0.6462361089330879,0.6161453046648964,0.6764084847236149,0.47776547583469553
