abbr,union_name,members,assets,liabilities,receipts,disbursements,city,state,form_type,net_assets,net_profit,eq_pc,pr_pc,officers,staff,officer_salary,staff_salary,staff_rep_pct,staff_pol_pct,locals,pct_private,represent,political,grants,overhead,admin,taxes,to_parent,strike_benefits,benefits,dues,from_subsid,fees,investments,cash,total_investments,affl
AAA,ACTORS AND ARTISTES AFL-CIO,5,763630,255856,90863,79980,WASHINGTON,DC,LM-3,507774,10883,101554.8,2176.6,8,0,0,NaN,NaN,NaN,2,NA,NA,NA,0,NA,NA,NA,26972,NA,0,90863,0,0,NA,91393,672237,AFL-CIO
AAUP,"UNIVERSITY PROFESSORS, AM ASN, IND",44956,6109466,4417569,9081364,8685993,WASHINGTON,DC,LM-2,1691897,395371,37.634509297980244,8.794621407598541,48,36,2654.8823529411766,88134.97222222222,0.44166666666666665,0,0,NA,2118924,0,0,4327713,1309556,228621,0,0,681200,7408701,0,0,30097,5439635,0,INDEP
AAWL,AMERICAN ALLIED WORKERS LABORERS,54,400,12000,1832,5779,CHICAGO,IL,LM-4,-11600,-3947,-214.8148148148148,-73.0925925925926,NA,NA,NA,NA,NA,NA,3,0.6481481481481481,NA,NA,NA,NA,NA,NA,NA,NA,NA,NA,NA,NA,NA,NA,NA,INDEP
AEI,AGRICULTURE EMPLOYEES IND,350,147051,0,62839,75231,Barnum,MN,LM-3,147051,-12392,420.1457142857143,-35.40571428571429,11,0,2977.090909090909,NaN,NaN,NaN,17,0.44857142857142857,NA,NA,0,NA,NA,NA,0,NA,0,62768,0,0,NA,147051,0,INDEP
AFA,"FLIGHT ATTENDANTS ASN, CWA",41118,6216759,1108953,19052491,18985856,WASHINGTON,DC,LM-2,5107806,66635,124.223113964687,1.6205797947370981,121,58,5201.4807692307695,73013.3448275862,0.7810344827586206,0.005172413793103448,0,NA,12548110,86213,154854,853595,2079372,336357,527299,0,1345091,0,0,0,95719,419563,5713169,AFL-CIO
AFGE,GOVERNMENT EMPLOYEES AFGE AFL-CIO,332977,40234671,80888407,143125850,144944167,WASHINGTON,DC,LM-2,-40653736,-1818317,-122.09172405301267,-5.460788582995222,43,362,74196,100319.37569060773,0.5152486187845304,0.12671270718232044,930,0.9275986029065071,33040103,8296145,296732,13006275,11442959,3582613,5402936,0,15443713,0,81246001,0,2776397,7558576,5321647,AFL-CIO
AFM,MUSICIANS AFL-CIO,72523,26425237,6603359,26560834,23267989,NEW YORK,NY,LM-2,19821878,3292845,273.3185058533155,45.40414764971113,9,66,63869.11111111111,62405.393939393936,0.3253030303030303,0.03333333333333333,159,0.7459013002771534,2939320,251995,3883,2823306,3082703,343749,378461,0,1423796,5140386,3987633,178290,300403,23529394,47776,AFL-CIO
AFSCME,STATE COUNTY AND MUNI EMPLS AFL-CIO,1327379,237141331,94022250,197465488,188903951,WASHINGTON,DC,LM-2,143119081,8561537,107.82081153913087,6.449956643882418,38,462,32904.92105263158,105792.51515151515,0.38361471861471863,0.14484848484848484,339,0.3778061879839895,31579225,53097892,2792510,23469348,18691630,3682771,17009318,0,24779781,0,181437739,1112711,2672654,15651780,233266,AFL-CIO
AFT,TEACHERS AFL-CIO,1677775,129270651,93616380,363313112,341025908,WASHINGTON,DC,LM-2,35654271,22287204,21.250925183650967,13.283785966533058,48,367,33163.825,124822.03542234332,0.5022070844686648,0.060790190735694825,145,0.6261602419871556,76103716,31180053,9885126,25914745,10927621,4269285,10177759,0,20249923,0,196786018,0,3299426,42198217,32580273,AFL-CIO
AGMA,MUSICAL ARTISTS AAAA AFL-CIO,7535,16633096,1154898,48572075,47838635,NEW YORK,NY,LM-2,15478198,733440,2054.173589913736,97.33775713337756,87,22,2511.3636363636365,100708.47619047618,0.48363636363636364,0,0,NA,1714928,0,118067,1513059,214358,138976,38744,0,596606,3613510,0,498323,54564,2094309,1838765,AFL-CIO
AGVA,VARIETY ARTISTS AAAA AFL-CIO,2087,2675501,23683,1013584,922823,NEW YORK,NY,LM-2,2651818,90761,1270.636320076665,43.48873981792046,20,6,13236.333333333334,46593.833333333336,0.5416666666666666,0,0,NA,349954,0,2201,435765,94424,23426,17053,0,NA,586167,0,395125,6434,2624508,0,AFL-CIO
AIU,ATLANTIC INDEPENDENT UNION IND,186,16973,4192,173856,176622,VILLAS,NJ,LM-3,12781,-2766,68.71505376344086,-14.870967741935484,8,0,12084.5,NaN,NaN,NaN,0,NA,NA,NA,0,NA,NA,NA,0,NA,21997,173039,0,0,NA,16624,200,INDEP
ALPA,AIR LINE PILOTS ASN AFL-CIO,60618,260288810,97857799,368102235,370309853,HERNDON,VA,LM-2,162431011,-2207618,2679.5838034907124,-36.41852255105744,347,368,12494.654178674351,136041.29347826086,0.36345108695652173,0.03796195652173913,0,NA,61495682,7523930,640481,37266857,39279414,3471636,1355060,0,21314411,203398871,0,738519,7846495,28665146,196865725,AFL-CIO
AOHCU,ALLIANCE OF HEALTH CARE UNIONS,0,1242682,1242682,1446332,457573,SAN DIMAS,CA,LM-2,0,988759,NaN,Inf,9,4,NaN,75085.25,0.9450000000000001,0,0,NA,363972,0,0,48877,887,19644,0,0,15595,0,0,0,0,988759,NA,INDEP
APA,ALLIED PILOTS ASSOCIATION,14161,49845680,5346382,39890266,40944856,FORT WORTH,TX,LM-2,44499298,-1054590,3142.383871195537,-74.47143563307677,28,224,121941.5,64912.94196428572,0.4669196428571429,0.06732142857142857,11,0.9784619730245039,8935040,1474113,32000,8860394,6761609,765617,0,0,4273201,32813821,0,0,1273035,11580572,28484830,INDEP
APWU,"POSTAL WORKERS, AMERICAN, AFL-CIO",235253,113388690,6056763,137862570,133015380,WASHINGTON,DC,LM-2,107331927,4847190,456.2404177630041,20.60415807662389,82,119,122594.51219512195,57908.361344537814,0.8826315789473684,0.31588235294117645,714,0.6185638440317446,19044413,1116201,264716,7700851,7630462,2349005,2178098,0,6488587,0,47659364,11650095,3754440,13195045,70589954,AFL-CIO
ATDA,AMERICAN TRAIN DISPATCHERS,2569,11201344,458962,3911326,3821641,CLEVELAND,OH,LM-2,10742382,89685,4181.542234332425,34.91047100038926,9,5,113759.66666666667,89291.8,0.514,0,0,NA,1256774,13414,9000,350791,209429,231705,28749,0,571338,3014149,0,0,250273,437022,9704067,INDEP
ATU,TRANSIT UNION AFL-CIO,199986,174632043,7322643,79018817,105313737,SILVER SPRING,MD,LM-2,167309400,-26294920,836.6055623893673,-131.48380386627065,21,58,202788.2857142857,97888.60344827586,0.3763793103448276,0.06724137931034482,49,0.2337963657456022,9271758,1115007,631370,4892693,4619968,2467564,1525539,0,9304514,7038,29378527,94377,2931193,5164963,120786198,AFL-CIO
BAC,BRICKLAYERS AFL-CIO,74150,92224035,2510332,48164390,41019547,WASHINGTON,DC,LM-2,89713703,7144843,1209.8948482805124,96.3566149696561,4,127,344692.75,99407.37007874016,0.5156692913385826,0.016614173228346456,73,0.8961294672960216,11080187,493581,656896,8270354,4633132,1372414,1615660,0,11614086,38957911,0,421900,121952,39309517,43691306,AFL-CIO
BBF,BOILERMAKERS AFL-CIO,49491,56199199,3975951,84829440,84557694,KANSAS CITY,KS,LM-2,52223248,271746,1055.206966923279,5.490816512093108,7,114,543176.4285714285,123621.56140350878,0.39087719298245616,0.030964912280701754,167,0.807197268190176,10667942,1413775,534857,9390199,6565221,2240431,999264,40750,14337219,23253273,16007336,307997,2815889,4954370,39380936,AFL-CIO
BCTD,BLDG AND CONSTRN TRADES DEPT AFL-CIO,14,11681952,554107,17094033,16785056,WASHINGTON,DC,LM-2,11127845,308977,794846.0714285715,22069.785714285714,16,39,53835.875,124659.53846153847,0.5151282051282051,0.16282051282051282,0,NA,7002902,2694628,461503,2075312,1207440,329942,0,0,2303093,269111,9767791,1646361,200030,4096565,6265499,AFL-CIO
BCTGMI,"BAKERY, TOBACCO AND GRAIN AFL-CIO",65633,33301244,8734437,12208840,13046555,KENSINGTON,MD,LM-2,24566807,-837715,374.3057151128243,-12.763625005713589,23,27,71629,120124.77777777778,0.6044444444444445,0.006296296296296296,116,0.8936510596803438,4317526,30286,112730,1223556,2670472,372575,858957,0,1859775,0,8694378,91103,1545147,766235,10319672,AFL-CIO
BLE,"LOCOMOTIVE ENGINEERS, IBT ",57149,24369516,7936909,28768173,28145387,INDEPENDENCE,OH,LM-2,16432607,622786,287.53971198096207,10.8975835097727,15,41,200138.8,94039.58536585367,0.02441176470588235,0.05228571428571429,1,5.249435685663791e-4,2452709,588113,8175,4694602,4789854,953238,6096943,0,4144654,0,15125898,1105200,141796,5867472,14586861,CTW
BMWE,"MAINTENANCE OF WAY EMPLS, IBT ",33549,45219921,9538505,174448031,174345999,NOVI,MI,LM-2,35681416,102032,1063.5612387850606,3.0412828996393335,14,83,107290.57142857143,77555.36144578313,0.34853658536585364,0.15228915662650602,210,0.4448120659334108,4932585,510168,274044,117718994,2414983,1349735,5873194,0,4473183,13549693,0,0,930468,2948690,38737902,CTW
BRS,RAILROAD SIGNALMEN AFL-CIO,10650,14591953,76475,8074876,8008523,FRONT ROYAL,VA,LM-2,14515478,66353,1362.9556807511738,6.230328638497652,12,20,141038.91666666666,69224.75,0.5265,0.063,1,NA,2455092,286118,13075,432760,1327608,479956,127193,0,875192,0,5931645,20900,257233,6704226,5551889,AFL-CIO
BSAC,SHOE CRAFTSMEN IND,0,720,720,720,720,LAKEVILLE,MA,LM-4,0,0,NaN,NaN,NA,NA,NA,NA,NA,NA,2,NA,NA,NA,NA,NA,NA,NA,NA,NA,NA,NA,NA,NA,NA,NA,NA,INDEP
BSOIW,IRON WORKERS AFL-CIO,128511,118259111,1527363,89926190,90438163,WASHINGTON,DC,LM-2,116731748,-511973,908.3405155978866,-3.9838846480067853,13,155,272112.53846153844,120492.69032258065,0.3592258064516129,0.023096774193548386,137,0.8224120892374972,12987799,2678487,608207,10097729,15520686,1436060,1921245,0,15034749,0,29286479,19229458,1680688,16920695,81398031,AFL-CIO
CJA,CARPENTERS IND,435904,708671381,8693475,126568919,122174415,WASHINGTON,DC,LM-2,699977906,4394504,1605.8074851343415,10.08135736308912,10,89,358897.7,131142.11235955055,0.5532,0.1264705882352941,340,0.7693781199530172,3791442,17764359,3321340,15322825,24106637,1763260,641212,0,12605863,0,70442297,729215,18070327,49781150,442144738,INDEP
CLA,CHRISTIAN LABOR UNION IND,1582,802565,2954,494905,679907,ZEELAND,MI,LM-2,799611,-185002,505.4431099873578,-116.94184576485462,7,3,25672.85714285714,47191.333333333336,NaN,NaN,8,0.9962073324905183,0,0,0,182139,196684,29791,0,0,124048,458017,0,0,29850,269045,285527,INDEP
COARCU,COALITION OF AMERICAN RED CROSS UNIONS,5015,80889,4533,63400,0,WASHINGTON,DC,LM-3,76356,63400,15.225523429710867,12.642073778664008,11,0,0,NaN,NaN,NaN,0,NA,NA,NA,0,NA,NA,NA,0,NA,0,0,63400,0,NA,63400,0,INDEP
COIU,"INDEPENDENT UNIONS, CONGRESS OF",1982,306504,104864,707151,697779,ALTON,IL,LM-2,201640,9372,101.73562058526741,4.7285570131180625,3,2,96059.66666666667,36950,0.4,0,0,NA,304105,0,50,94918,19727,31911,0,0,72140,510627,0,25505,92,84560,NA,INDEP
CSTA,CATHOLIC SCHOOL TEACHERS ASN IND,1145,232861,8321,193407,202725,PHILADELPHIA,PA,LM-3,224540,-9318,196.1048034934498,-8.137991266375545,10,0,2754.5,NaN,NaN,NaN,5,0.9729257641921397,NA,NA,8000,NA,NA,NA,0,NA,0,180884,0,0,NA,207492,0,INDEP
CTAI,CIVILIAN TECHNICIANS ASN IND,3870,1426292,9047,1807297,1853939,WOODBRIDGE,VA,LM-2,1417245,-46642,366.21317829457365,-12.05219638242894,6,9,3188.6666666666665,68405.55555555556,0.7822222222222223,0.09555555555555556,3,0.026873385012919897,543500,157616,599,420038,69486,44845,0,0,24034,1175639,0,2,18903,282321,997316,INDEP
CWA,COMMUNICATIONS WORKERS AFL-CIO,627373,561436463,250417662,275251043,275545688,WASHINGTON,DC,LM-2,311018801,-294645,495.7478262532815,-0.46964883729456003,21,479,159450.4705882353,84787.94363256785,0.6429853862212943,0.02674321503131524,655,0.5194453698198679,44277965,4186391,2451903,36453209,20627694,5130643,3155347,1108237,24038896,0,124878819,32307,14031392,21183543,481692497,AFL-CIO
DPE,"DEPT FOR PROFESSIONAL EMP,  AFL-CIO",24,681692,0,985628,905902,WASHINGTON,DC,LM-2,681692,79726,28403.833333333332,3321.9166666666665,13,3,195045,85234.33333333333,0.3333333333333333,0.8,0,NA,243265,72384,4806,245516,46897,31082,0,0,260863,0,984922,0,706,663392,NA,AFL-CIO
FAAM,AIRCRAFT MECHANICS ASN IND,3383,2232028,304379,4588057,4628526,Centennial,CO,LM-2,1927649,-40469,569.8046112917528,-11.962459355601537,6,5,105903.66666666667,41072,0.55,1,5,0.9982264262488915,1346980,85466,14625,383109,306692,32191,0,0,82228,1389722,0,0,64873,453526,1190793,INDEP
FITU,"TEXAS UNIONS, FEDERATED, IND",6,20656,0,3976,5847,ALEDO,TX,LM-4,20656,-1871,3442.6666666666665,-311.8333333333333,NA,NA,NA,NA,NA,NA,1,NA,NA,NA,NA,NA,NA,NA,NA,NA,NA,NA,NA,NA,NA,NA,NA,INDEP
FOAPO,FRATERNITY OF AMERICAN PROTECTIVE OFFICERS,53,4186,0,12781,8595,BOWIE,MD,LM-3,4186,4186,78.98113207547169,78.98113207547169,NA,NA,NA,NA,NA,NA,0,NA,NA,NA,0,NA,NA,NA,0,NA,0,12781,0,0,NA,4186,0,INDEP
FOP,"POLICE FRATERNAL ORDER, IND",339746,11799912,3637790,7151505,8621928,NASHVILLE,TN,LM-2,8162122,-1470423,24.02418865858612,-4.328006805083798,61,41,13214.833333333334,42577.12195121951,0.7905555555555556,0.7125,14,0.006961082691186946,1140661,451714,350608,1352236,2183396,194389,0,0,204981,0,3893284,1557262,139182,2454441,5416160,INDEP
FUPLJ,FAMILIAS UNIDAS POR LA JUSTICIA,93,1138,553,9489,10036,BURLINGTON,WA,LM-4,585,-547,6.290322580645161,-5.881720430107527,NA,NA,NA,NA,NA,NA,0,NA,NA,NA,NA,NA,NA,NA,NA,NA,NA,NA,NA,NA,NA,NA,NA,INDEP
GCIU,"GRAPHIC COMMUNICATIONS, IBT",60540,14945243,12776606,5335192,5915284,WASHINGTON,DC,LM-2,2168637,-580092,35.82155599603568,-9.581962338949454,10,13,49453.444444444445,88270.30769230769,0.4492307692307692,0,58,0.377998017839445,1469452,0,12959,905917,440517,110441,0,12800,1644799,0,3918544,111542,502501,570926,12350110,CTW
GUA,GUARDS IND,1892,141170,0,102675,87700,OAK RIDGE,TN,LM-3,141170,14975,74.61416490486258,7.914904862579281,12,0,2567.75,NaN,NaN,NaN,23,NA,NA,NA,0,NA,NA,NA,0,NA,0,102675,0,0,NA,141170,0,INDEP
HERE,UNITE HERE ,301886,169080873,4474935,121857342,111453447,NEW YORK,NY,LM-2,164605938,10403895,545.2586009288275,34.46299265285571,56,278,112295.71052631579,73615.23381294963,0.6966546762589928,0.03773381294964029,92,NA,36662363,11359184,423578,9440611,13318975,6996278,2829946,2380155,10103571,50737,59708412,0,32966639,43621811,83180866,AFL-CIO
HFIA,INSULATORS AFL-CIO,22405,25177253,4595752,14333264,13086138,LANHAM,MD,LM-2,20581501,1247126,918.6119616157108,55.662843115376035,12,10,238571.66666666666,92328.2,0.725,0.05,87,0.9234099531354608,4294142,97989,259164,2984866,3464290,29736,448119,0,1371156,0,3013167,10296176,559827,8232078,13397446,AFL-CIO
IAFF,FIRE FIGHTERS AFL-CIO,314990,32068102,6946377,74369674,75089902,WASHINGTON,DC,LM-2,25121725,-720228,79.75403981078765,-2.2865106828788218,21,130,153894.85714285713,112435.16153846154,0.024384615384615383,0.0813076923076923,79,0.034699514270294295,4422178,11857295,1162910,29053284,14325678,1199827,2335850,0,8370099,0,48702260,275377,407145,14862022,10246665,AFL-CIO
IAM,MACHINISTS AFL-CIO,573365,219880494,3397237,190386926,187355948,UPPER MARLBORO,MD,LM-2,216483257,3030978,377.5662222144707,5.286297559146442,10,356,320514.8,120860.60112359551,0.3662640449438202,0.04092696629213483,515,0.6474741220688393,48463345,3259131,1822739,16417973,19879544,10725582,4099957,407529,29252712,465589,139334485,65650,5076585,22287737,171036666,AFL-CIO
IATC,TOOL CRAFTSMEN NFIU,40,195080,0,7388,6555,RACINE,WI,LM-3,195080,833,4877,20.825,6,0,1152.5,NaN,NaN,NaN,2,0.725,NA,NA,100,NA,NA,NA,0,NA,0,0,7338,0,NA,195080,0,INDEP
IATSE,STAGE AND PICTURE OPERATORS AFL-CIO,139217,75523796,25063218,104510096,104061884,NEW YORK,NY,LM-2,50460578,448212,362.45988636445264,3.219520604523873,22,83,125866.95,107776.3373493976,0.4440963855421687,0.05313253012048193,327,0.8735355595940151,8264190,934122,636431,6366962,7788823,1005170,991543,0,6218373,0,29881018,2114603,1061816,2519298,22401814,AFL-CIO
IBDWI,"DUPONT WKRS, INTL BROTHERHOOD IND",982,39869,514,25331,38383,Hopewell,VA,LM-3,39355,-13052,40.07637474541752,-13.291242362525459,3,0,4477,NaN,NaN,NaN,3,0.5285132382892057,NA,NA,0,NA,NA,NA,0,NA,0,25060,0,0,NA,26708,13161,INDEP
IBEW,ELECTRICAL WORKERS IBEW AFL-CIO,672551,575216790,143129548,990143901,989514722,"WASHINGTON, DC",DC,LM-2,432087242,629179,642.4601881493002,0.935511210302267,22,469,197767.72727272726,133120.95095948828,0.7052665245202558,0.05373931623931624,710,0.8720662076184557,70108709,5104243,6379625,6066283,19031909,9615416,7641685,0,44416517,0,141875685,1693345,7507434,37631634,499864688,AFL-CIO
IBT,TEAMSTERS,1389454,335158038,26859962,204862240,208718064,WASHINGTON,DC,LM-2,308298076,-3855824,221.88433442201037,-2.7750641618938086,26,566,138924.38461538462,85811.13250883392,0.5066254416961131,0.08954063604240282,329,0.836971932859958,57020576,12701608,2652156,20434905,20797135,4823405,3278058,1637112,51076654,0,180799956,5571592,8176598,33321859,242377943,CTW
IBU,"INLANDBOATMEN, ILWU, AFL-CIO",2820,1972790,0,5226183,5131691,SEATTLE,WA,LM-2,1972790,94492,699.5709219858156,33.50780141843972,92,22,29825.36170212766,47525.40909090909,0.045454545454545456,0,NA,NA,1138640,94885,10744,1281138,1135702,242736,387394,0,829389,3545340,0,306872,2838,1836377,4529,AFL-CIO
IEAU,INTERNATIONAL ENTERTAINMENT ADULT UNION,6,188,4500,3463,3451,Woodland Hills,CA,LM-4,-4312,12,-718.6666666666666,2,NA,NA,NA,NA,NA,NA,0,NA,NA,NA,NA,NA,NA,NA,NA,NA,NA,NA,NA,NA,NA,NA,NA,INDEP
IGLAA,IAM GRAND LODGE AUDITORS ASSOCIATION,19,21873,0,9172,923,Hernando,FL,LM-4,21873,8249,1151.2105263157894,434.1578947368421,NA,NA,NA,NA,NA,NA,0,NA,NA,NA,NA,NA,NA,NA,NA,NA,NA,NA,NA,NA,NA,NA,NA,INDEP
ILA,LONGSHOREMENS ASN AFL-CIO,31363,61742584,6643834,39345139,39828090,NORTH BERGEN,NJ,LM-2,55098750,-482951,1756.8073844976566,-15.398750119567643,32,37,211305.65625,105304.67567567568,0.27918918918918917,0.11135135135135135,136,0.98007205943309,4734308,751685,628802,3175455,6750548,611759,477669,0,4769576,25345842,370448,0,840015,28235156,20668346,AFL-CIO
ILWU,LONGSHORE AND WAREHOUSE UNION,38450,8041516,1860199,8160720,8378820,SAN FRANCISCO,CA,LM-2,6181317,-218100,160.76247074122236,-5.672301690507152,45,22,69572,81016.95454545454,0.2595454545454545,0.013636363636363636,147,NA,1846330,45000,76866,2182847,1928077,200098,0,0,2096662,8023083,0,0,3551,6563994,0,INDEP
IUEC,ELEVATOR CONSTRUCTORS AFL-CIO,28620,26538779,7018508,22861791,18651773,COLUMBIA,MD,LM-2,19520271,4210018,682.05,147.10055904961564,16,34,66681.875,196547,0.7111764705882353,0.03470588235294118,66,0.8868972746331237,8010621,441512,310260,897147,1956148,407039,424803,0,3396124,0,19691770,1105461,252347,19163251,0,AFL-CIO
IUJAT,JOURNEYMEN AND ALLIED TRADES IND,75082,2769438,247660,7159412,6383096,DANBURY,CT,LM-2,2521778,776316,33.586984896513144,10.339575397565328,11,14,91452.6,131332.92307692306,0.8657142857142857,0.05357142857142857,9,0.2687461708532005,4937869,86917,17550,267672,30542,176861,0,0,865896,0,6035953,0,20992,2017293,0,INDEP
IUOE,"ENGINEERS, OPERATING, AFL-CIO",394493,536256310,198372073,295692149,294271436,WASHINGTON,DC,LM-2,337884237,1420713,856.5024905384886,3.6013642827629386,23,127,91033.73913043478,138558.03937007874,0.40755905511811025,0.07929133858267717,97,0.8536780120306318,15224110,13288870,784959,8656813,14944329,2279710,4050652,137537,21430294,1074371,62153986,2325797,16060022,9614422,348224086,AFL-CIO
IWU,INDUSTRIAL WKRS UNTD SIUNA AFL-CIO,5375,907186,62586,2387931,2339185,CAMP SPRINGS,MD,LM-2,844600,48746,157.13488372093022,9.069023255813953,9,13,22170.5,43804.153846153844,0.9223076923076923,0.006923076923076923,0,NA,983644,3409,4392,488367,77755,97749,34989,0,637709,1840510,0,148744,1,138988,47204,AFL-CIO
LEOS-PBA,LAW ENFORCEMENT OFFICERS SECURITY & POLICE ,557,50160,1302,161343,124268,WASHINGTON,DC,LM-3,48858,37075,87.71633752244165,66.56193895870736,6,0,7664.333333333333,NaN,NaN,NaN,0,NA,NA,NA,0,NA,NA,NA,0,NA,0,160505,0,0,NA,41160,0,INDEP
LIUNA,LABORERS ,561233,244537612,3452055,103531523,83220809,WASHINGTON,DC,LM-2,241085557,20310714,429.56411508232765,36.18945072723806,16,223,350976.375,113507.0134529148,0.2653363228699552,0.09659192825112108,282,0.6071934472848175,10954616,5217384,2074158,1659108,26562563,3400606,4980346,0,24522829,0,90535421,0,4367031,32864031,87957202,AFL-CIO
MEBA,MARINE ENGINEERS AFL-CIO,20022,34206,21896,222721,223552,WASHINGTON,DC,LM-3,12310,-831,0.6148236939366697,-0.04150434522025772,5,0,0,NaN,NaN,NaN,0,NA,NA,NA,0,NA,NA,NA,220702,NA,0,0,222657,0,NA,34206,0,AFL-CIO
MMP,MASTERS MATES AND PILOTS ILA AFL-CIO,7535,15181512,2603259,14302784,14338298,LINTHICUM,MD,LM-2,12578253,-35514,1669.310285335103,-4.71320504313205,10,53,178249,70338.07547169812,0.3379245283018868,0.027924528301886794,0,NA,3755005,149461,289895,3005933,2063961,481459,206335,0,1758693,6422306,0,604988,1431012,562728,5383765,AFL-CIO
MTD,METAL TRADES DEPT AFL-CIO,17,919535,0,1507399,1427698,WASHINGTON,DC,LM-2,919535,79701,54090.294117647056,4688.294117647059,12,6,246777,61079.166666666664,0.4,0,0,NA,275720,12339,0,727804,160405,31327,0,0,220103,0,1398952,0,0,518169,342811,AFL-CIO
MTTD,MARITIME TRADES DEPT AFL-CIO,21,50312,26795,218050,195533,WASHINGTON,DC,LM-3,23517,22517,1119.857142857143,1072.2380952380952,26,0,386.03846153846155,NaN,NaN,NaN,0,NA,NA,NA,17884,NA,NA,NA,0,NA,9700,0,102070,2100,NA,31888,0,AFL-CIO
NACU,"NURSES ASN OF CA, AFSCME, AFL-CIO",29512,22707314,9584914,44095499,41821598,SAN DIMAS,CA,LM-2,13122400,2273901,444.6462455950122,77.05004743833017,17,83,59229.76470588235,135331.0361445783,0.7674698795180723,0.019518072289156627,21,0.6613580916237463,11921226,1481754,96207,4453681,1876795,806307,6268231,0,3357149,31791043,0,278313,282339,17927969,3056827,AFL-CIO
NAGE,GOVERNMENT EMPLS NAGE SEIU AFL-CIO,41445,15241784,428879,24409647,22425345,QUINCY,MA,LM-2,14812905,1984302,357.41114730365547,47.87795874049946,58,97,26769.037037037036,77562.89130434782,0.6675257731958762,0.007731958762886598,106,0.24560260586319219,8325662,544871,165950,2648951,1695716,705413,5301336,0,3024796,23750980,0,0,116680,11014305,1438609,AFL-CIO
NALC,"LETTER CARRIERS, NATL ASN, AFL-CIO",287857,352414775,38818576,249038600,250184554,WASHINGTON,DC,LM-2,313596199,-1145954,1089.4166165839288,-3.980983613391371,68,184,118966.2205882353,56167.657608695656,0.5304347826086957,0.05635869565217391,1034,NA,17681480,1862962,1657278,10130898,3653543,2765259,1894105,0,6687890,0,43245998,0,11285243,10004683,272562838,AFL-CIO
NAPFE,POSTAL AND FED EMPLS ALLIANCE IND,4933,1208194,1829914,1512046,1601147,WASHINGTON,DC,LM-2,-621720,-89101,-126.03284005676059,-18.06223393472532,17,12,22040.470588235294,32101.333333333332,NaN,NaN,101,0.9604703020474357,22875,0,10000,426437,795754,0,252289,0,93792,1051451,315956,0,47191,683880,0,INDEP
NATCA,AIR TRAFFIC CONTROLLERS AFL-CIO,18135,18423271,10200857,30059763,29482246,WASHINGTON,DC,LM-2,8222414,577517,453.4002757099531,31.84543700027571,19,53,63707.68421052631,101334.61538461539,0.30471698113207546,0.06037735849056604,433,NA,11415793,3314260,308647,4286226,5896839,719744,283410,0,2732791,26751094,0,0,948406,1776182,6491815,AFL-CIO
NEA,NATIONAL EDUCATION ASN IND,3002516,406314698,60600128,391784284,356555134,WASHINGTON,DC,LM-2,345714570,35229150,115.14162455753774,11.733209748091268,181,540,21012.96629213483,129198.97407407407,0.1822037037037037,0.10151851851851852,62,0.004272749920400091,42485096,26746513,107993065,57046892,51229347,6962564,0,53091,60742225,373625528,0,0,1509978,215580804,114160000,INDEP
NFFE,"FED EMPL NFFE, DIST 1, IAM, AFL-CIO",8807,3354924,0,6708584,6886833,Washington,DC,LM-2,3354924,-178249,380.9383444986942,-20.239468604519132,9,19,61542.857142857145,78430,0.8127777777777778,0.023333333333333334,92,0.7507664357897127,1217028,224445,160477,479906,452678,117552,3590181,0,308735,0,5451598,240,118892,417973,2936951,AFL-CIO
NIA,NATIONAL INFRASTRUCTURE ALLIANCE,4,733205,351779,970000,1174200,WASHINGTON,DC,LM-2,381426,-204200,95356.5,-51050,4,0,NaN,NaN,NaN,NaN,0,NA,202749,100000,645000,192659,33792,0,0,0,0,720000,0,0,0,731177,0,INDEP
NIW,INDUSTRIAL WORKERS UNION NFIU,50,24965,0,4313,4599,DEFIANCE,OH,LM-4,24965,-286,499.3,-5.72,NA,NA,NA,NA,NA,NA,2,NA,NA,NA,NA,NA,NA,NA,NA,NA,NA,NA,NA,NA,NA,NA,NA,INDEP
NLRBU,NLRB UNION IND,661,687236,0,217515,232410,Milwaukee,WI,LM-3,687236,-14895,1039.6913767019666,-22.534039334341905,37,0,1698.3783783783783,NaN,NaN,NaN,34,0.9167927382753404,NA,NA,0,NA,NA,NA,0,NA,0,211134,0,0,NA,687236,0,INDEP
NNU,NATIONAL NURSES UNITED,130515,33712868,2452220,23162040,18468219,OAKLAND,CA,LM-2,31260648,4693821,239.5176646362487,35.96384323640961,17,102,16534.666666666668,56165.94117647059,0.4180392156862745,0.1327450980392157,0,NA,2990947,1922131,706410,8068323,567318,424557,1353861,0,2379197,444466,22658045,0,0,31777624,NA,AFL-CIO
NOITU,"INDUSTRIAL TRADE UNIONS, IUJAT",6302,6563094,1106368,3335728,3319990,JAMAICA,NY,LM-2,5456726,15738,865.8721040939384,2.497302443668677,10,6,101591.75,203386.5,0.16666666666666666,0,6,0.9938114884163758,926629,0,0,1344979,178530,50995,259028,0,487635,1371997,148158,0,170714,266505,4304536,INDEP
NPMHU,"POSTAL MAIL HANDLERS, LIUNA ",125706,22379884,4329143,46577903,36967057,WASHINGTON,DC,LM-2,18050741,9610846,143.59490398230793,76.45495043991536,7,29,111185.42857142857,103771.1724137931,0.47344827586206895,0.0575,36,0.8989865241118165,2763491,416764,2191880,1144564,3074759,2605812,2425621,0,3669998,0,9022514,0,524801,10224469,4446462,AFL-CIO
NPW,NOVELTY AND PRODUCTION WKRS AFL-CIO,16019,6835212,4873445,4199615,3559164,Hillside,IL,LM-2,1961767,640451,122.46501030026843,39.98071040639241,8,0,17355,NaN,NaN,NaN,3,0.8008614769960671,75062,0,4000,164644,149060,88253,81992,0,239402,0,921766,0,135050,1086974,5390997,AFL-CIO
NPWU,NATIONAL PRODUCTION WKRS UNION IND,0,441341,1429103,949880,950024,OAK BROOK,IL,LM-2,-987762,-144,-Inf,-Inf,9,0,107829,NaN,NaN,NaN,5,NA,0,0,0,15113,107829,8357,0,0,NA,0,483158,0,0,208,NA,INDEP
NSOI,NATIONAL STAFF ORGANIZATION IND,4093,7892087,0,2924265,3251045,COLUMBUS,OH,LM-2,7892087,-326780,1928.1913022233082,-79.83874908380162,17,0,24284.8125,NaN,NaN,NaN,63,0.6376740776936233,179634,0,47516,304873,410879,0,0,0,NA,1116066,0,0,276230,350110,7541977,INDEP
NTEU,TREASURY EMPLOYEES UNION IND,79768,44486140,8993889,44215477,42994459,WASHINGTON,DC,LM-2,35492251,1221018,444.9434735733628,15.307115635342493,19,135,40656.26666666667,130679.91851851852,0.5942222222222222,0.1457037037037037,0,NA,13612199,3265365,13435,6714155,3001453,1214871,0,0,4300656,28858640,0,512938,1898474,5255981,35021401,INDEP
NVPU,NATIONAL VETERINARY PROFESSIONALS UNION,54,0,0,0,0,SAN JOSE,CA,LM-4,0,0,0,0,NA,NA,NA,NA,NA,NA,0,NA,NA,NA,NA,NA,NA,NA,NA,NA,NA,NA,NA,NA,NA,NA,NA,INDEP
NWSEO,WEATHER SERVICE EMPLOYEES,1552,828909,32941,905822,759517,WASHINGTON,DC,LM-2,795968,146305,512.8659793814433,94.26868556701031,14,3,7041.428571428572,28583,NaN,0.25,0,NA,340908,114682,0,201718,97209,0,0,0,5000,890947,0,0,14875,824754,NA,INDEP
OPCM,PLASTERERS AND CEMENT MASONS AFL-CIO,43739,38453076,1044747,19327758,18710771,COLUMBIA,MD,LM-2,37408329,616987,855.2625574430142,14.106106678250532,17,27,198293.17647058822,95374.88888888889,0.4288888888888889,0.006666666666666667,51,0.8301973067514118,4089219,102351,465736,941770,3939194,467275,647689,0,4219630,17119786,589049,198389,983162,7661259,17152760,AFL-CIO
OPEIU,OFFICE AND PROFESSIONAL EMPLS AFL-CIO,102399,21273098,430892,18212293,14939490,NEW YORK,NY,LM-2,20842206,3272803,203.53915565581696,31.961278918739442,19,37,46520.77777777778,115055.67567567568,0.6554054054054054,0,73,0.9503608433676111,4465099,58398,268906,2773571,2052469,309642,876422,182214,2870868,0,16112530,344041,126183,18947929,359844,AFL-CIO
PAFCA,PROFESSIONAL AIRLINE FLIGHT CONTROL,1405,37898,0,21672,24485,ATLANTA,GA,LM-3,37898,-2813,26.973665480427048,-2.0021352313167258,2,0,0,NaN,NaN,NaN,3,0.6669039145907474,NA,NA,0,NA,NA,NA,0,NA,0,0,21648,0,NA,37898,0,INDEP
PAT,PAINTERS AFL-CIO,111138,88296165,3328314,46409382,44926953,HANOVER,MD,LM-2,84967851,1482429,764.5256437942018,13.338633050801706,7,138,317262.4285714286,89146.23188405797,0.657463768115942,0.036956521739130437,268,0.8301571019813205,15615317,2057232,467283,6474188,7411939,1230970,2275988,0,8684799,0,31104754,0,4344284,12110750,47702097,AFL-CIO
PPAN,PLANT PROTECTION ASSOCIATION NATIONAL,570,393795,0,221977,175222,YPSILANTI,MI,LM-3,393795,46755,690.8684210526316,82.02631578947368,3,0,21987.666666666668,NaN,NaN,NaN,26,0.8105263157894737,NA,NA,0,NA,NA,NA,0,NA,0,221906,0,0,NA,386058,0,INDEP
PPDSE,PLATE PRINTERS AFL-CIO,190,11177,0,17878,7214,Fort Worth,TX,LM-3,11177,10664,58.82631578947368,56.126315789473686,6,0,0,NaN,NaN,NaN,3,0.7315789473684211,NA,NA,0,NA,NA,NA,1170,NA,0,17530,0,0,NA,11177,0,AFL-CIO
PPF,PLUMBERS AFL-CIO,348439,278991493,23969266,157329078,149063179,ANNAPOLIS,MD,LM-2,255022227,8265899,731.8992047388496,23.722657337439266,44,78,297768.0681818182,124078.41025641025,0.23,0.03512820512820513,242,0.8566664466377185,24317673,4068523,2503782,3434581,19270481,1467247,4031214,0,24073979,0,92038145,5546156,5923053,62824060,136745233,AFL-CIO
PRCL,"LABORISTA DE PR, CONFEDERACION, IND",15,4854,0,765,4380,MAYAGUEZ,PR,LM-4,4854,-3615,323.6,-241,NA,NA,NA,NA,NA,NA,0,NA,NA,NA,NA,NA,NA,NA,NA,NA,NA,NA,NA,NA,NA,NA,NA,INDEP
PRFPT,FEDERACION PUERTORRIQUENA DE TRAB,750,553042,17577,134742,134792,SAN JUAN,PR,LM-3,535465,-50,713.9533333333334,-0.06666666666666667,7,0,5454,NaN,NaN,NaN,0,NA,NA,NA,2793,NA,NA,NA,0,NA,8046,111287,0,0,NA,318353,64007,INDEP
PRTI,TRABAJADORES INDUSTRIALES DE PR IND,250,250738,0,252131,252942,SAN JUAN,PR,LM-2,250738,-811,1002.952,-3.244,1,1,18200,19760,NaN,NaN,0,NA,18200,0,0,21660,29347,0,0,0,181050,57112,0,0,6005,2510,NA,INDEP
PTCNC,PHYSICAL THERAPY COLLECTIVE NEGOTIATIONS COMMITTEE,325,118019,0,128028,126302,WESTBURY,NY,LM-3,118019,1726,363.1353846153846,5.310769230769231,4,0,4437.5,NaN,NaN,NaN,0,NA,NA,NA,206,NA,NA,NA,0,NA,0,127998,0,0,NA,107229,0,INDEP
PTE,"ENGINEERS, PROF AND TECH, AFL-CIO",58474,3942216,879091,5260605,5069107,WASHINGTON,DC,LM-2,3063125,191498,52.384393063583815,3.2749256079625133,15,18,31642.866666666665,117740,0.4488888888888889,0.057777777777777775,44,0.5225912371310326,1288424,227879,34918,943516,934070,148334,569462,0,654247,236193,4635566,87973,49233,1095018,2289538,AFL-CIO
RLCA,"LETTER CARRIERS, RURAL, IND",114598,17757438,11441953,50260232,47641821,ALEXANDRIA,VA,LM-2,6315485,2618411,55.1099059320407,22.84866228031903,10,297,173347.1,63340.969696969696,0.8726936026936026,0.004814814814814815,481,0.4827396638684794,22175862,967235,20000,386694,6546243,268781,0,0,5297071,33593840,0,0,11420,9331686,NA,INDEP
RWAW,ROOFERS AFL-CIO,22359,39303178,2081669,10096757,9980692,WASHINGTON,DC,LM-2,37221509,116065,1664.7215438973121,5.190974551634689,14,22,113087.92857142857,95871.95454545454,0.3659090909090909,0.005,68,NA,1688503,153058,88541,2675659,746727,214264,277508,0,2100135,0,8305009,378120,1203270,5549881,30741162,AFL-CIO
RWDSU,"RETAIL WHOLESALE, DC, UFCW",57541,40113526,48075,32582347,33179748,NEW YORK,NY,LM-2,40065451,-597401,696.2939643037139,-10.382179663196677,17,73,222737.11111111112,106885.1506849315,0.6961111111111111,0.04777777777777777,67,0.8005596009801706,10474742,744230,120299,3485426,950207,601931,50164,0,3056798,0,0,0,486329,2332220,37480756,AFL-CIO
SAGAFTRA,SAG-AFTRA,242203,312886972,245824055,217935930,189514214,LOS ANGELES,CA,LM-2,67062917,28421716,276.88722683038606,117.34667200653998,166,600,1564.868131868132,81684.685,0.46276666666666666,0.00725,0,NA,84680199,901286,1766660,57826119,11107606,3649283,1406588,0,10371901,105693626,0,1428315,3947957,246471252,48592051,AFL-CIO
SDMOA,SPECIAL DEPUTY MARSHALS OF AMERICA,159,30266,0,84743,102715,WASHINGTON,DC,LM-3,30266,-17972,190.35220125786162,-113.03144654088051,5,0,6128.8,NaN,NaN,NaN,0,NA,NA,NA,1362,NA,NA,NA,0,NA,0,84743,0,0,NA,26825,0,INDEP
SEIU,SERVICE EMPLOYEES,1918192,411542205,93461691,342972253,291045908,WASHINGTON,DC,LM-2,318080514,51926345,165.82308444618684,27.070462706548668,87,485,103036.64705882352,92009.96288659793,0.6262268041237113,0.09707216494845361,91,0.8766531191872347,131264112,44834295,2572453,35825380,12941744,4153972,5329021,29725,17074078,0,289571742,0,9545107,143317896,77536433,CTW
SIUNA,SEAFARERS AFL-CIO,29950,1332105,816868,1741725,1461955,CAMP SPRINGS,MD,LM-2,515237,279770,17.203238731218697,9.341235392320534,21,3,81321.5,19478,0.13333333333333333,0.06666666666666667,6,0.21128547579298831,59759,38012,0,173923,95655,14572,887010,0,93024,0,893459,706681,415,1236533,0,AFL-CIO
SMART,"SHEET METAL, AIR, RAIL AND TRANSPORTATION WORKERS",203280,193375877,70851809,154286613,140807463,WASHINGTON,DC,LM-2,122524068,13479150,602.7354781582054,66.30829397874852,28,150,160726.64285714287,122598.58666666667,0.2839333333333333,0.0218,586,0.8461727666273121,17483367,2531954,328239,16108238,8879436,2377003,2192878,376450,15658763,0,74861428,1291357,4281238,34604903,151064593,AFL-CIO
SPFPA,"SECURITY POLICE, FIRE PROF, IND",18221,15798629,6332337,10525435,7621869,ROSEVILLE,MI,LM-2,9466292,2903566,519.5264804346633,159.35272487788816,9,22,104246.33333333333,60961.5,0.870625,NaN,163,0.9086768014927831,2203611,0,46739,996014,248061,195222,0,0,1175961,0,5751390,55442,3384,15152811,0,INDEP
SPGU,SECURITY POLICE AND GUARDS UNION IND,209,35253,492,10690,16131,BAYONNE,NJ,LM-3,34761,-5441,166.32057416267943,-26.033492822966508,2,0,5000,NaN,NaN,NaN,2,NA,NA,NA,0,NA,NA,NA,0,NA,0,10690,0,0,NA,35253,0,INDEP
TCU/IAM,"TRANSPORTATION COMMUNICATIONS UNION/IAM, AFL-CIO",41642,30620885,15259367,52046085,53156178,ROCKVILLE,MD,LM-2,15361518,-1110093,368.8948177320974,-26.658013544018058,8,120,365795.125,98994.3,0.3408333333333333,0.015333333333333334,136,0.7692233802411027,7712932,484738,259023,8599663,4307269,2218321,14234746,0,7592421,0,29419638,228061,1031629,8425549,19590446,AFL-CIO
TCWG,THE CAMPAIGN WORKERS GUILD,556,40057,0,62692,23132,WASHINGTON,DC,LM-3,40057,39560,72.04496402877697,71.15107913669065,19,0,0,NaN,NaN,NaN,0,NA,NA,NA,0,NA,NA,NA,0,NA,0,62692,0,0,NA,40057,0,INDEP
TPROA,THE PROTECTION AND RESPONSE OFFICERS OF AMERICA,383,16324,4969,174278,174028,BIRMINGHAM,AL,LM-3,11355,250,29.64751958224543,0.6527415143603134,3,0,17733.333333333332,NaN,NaN,NaN,0,NA,NA,NA,0,NA,NA,NA,0,NA,0,173778,0,0,NA,12737,0,INDEP
TTD,TRANSPORTATION TRADES DEPT AFLCIO  ,707557,3381259,990092,2717354,2375764,WASHINGTON,DC,LM-2,2391167,341590,3.379469074576324,0.48277382599564417,34,10,236800,63372.9,0,0.845,0,NA,0,1159941,7850,422671,77754,71909,0,0,486322,0,2538437,0,119078,673188,2559927,AFL-CIO
TWU,TRANSPORT WORKERS AFL-CIO,134022,82027258,91603,254941524,188887775,WASHINGTON,DC,LM-2,81935655,66053749,611.3597394457627,492.85750846875885,67,29,83533.73913043478,106257.72413793103,0.3275862068965517,0.1610344827586207,68,0.9430168181343361,8207944,1584029,436878,59186420,4448624,554081,1215152,0,4131054,24457068,0,0,2471979,76195579,5056802,AFL-CIO
UAW,AUTO WORKERS AFL-CIO,395703,1120820220,115925262,256382935,258264175,DETROIT,MI,LM-2,1004894958,-1881240,2539.5181689297274,-4.7541716893730905,21,686,176433.33333333334,105192.69241982508,0.8260204081632653,0.046880466472303206,520,0.949259924741536,97340890,10397320,2220573,23868654,13773747,6978935,2924262,208790,30777058,0,180698171,60,28473494,2093260,711851235,AFL-CIO
UE,ELECTRICAL WORKERS UE IND,34275,2450995,138643,5991589,5922738,PITTSBURGH,PA,LM-2,2312352,68851,67.46468271334793,2.0087819110138585,19,40,17920.36842105263,55959.175,0.73675,0.0455,74,0.34033552151714075,2270706,190078,10154,669759,444089,180794,0,0,1974842,27643,4353852,8685,27931,557124,0,INDEP
UFCW,FOOD AND COMMERCIAL WKRS,1248117,342109471,5835886,292225555,278777052,WASHINGTON,DC,LM-2,336273585,13448503,269.4247294123868,10.775033911083657,56,417,89800.47272727273,90000.99280575539,0.5843645083932854,0.04328537170263789,237,0.8325661776900724,51383941,8770797,1979441,26982704,12859105,4248361,11873532,60044,90514031,0,222746472,1854194,8966224,82046869,194246540,AFL-CIO
UFW,"FARM WORKERS, UNITED",8733,5249817,1523852,8203082,8210166,KEENE,CA,LM-2,3725965,-7084,426.6534982251231,-0.8111759990839345,8,45,96129.375,54901.311111111114,0.4388888888888889,0.09222222222222222,0,NA,1804817,399817,75929,3860215,250095,254833,56593,0,637706,3986126,479126,0,79099,1010374,1642657,CTW
UGSOA,"GOVERNMENT SECURITY OFFICERS, IND",10981,1420263,5336,3518593,3401677,EAST WAREHAM,MA,LM-2,1414927,116916,128.85229031964303,10.647117748838903,9,3,74137,52244.666666666664,0,NaN,114,0.5599672161005373,1431611,0,1900,239114,264771,69599,0,0,130122,0,1997095,5806,1,909343,0,INDEP
ULSTD,UNION LABEL SVC TRADES DEPT AFL-CIO,29,436316,3180,417601,521485,WASHINGTON,DC,LM-2,433136,-103884,14935.724137931034,-3582.206896551724,15,2,141852,25734,0,0,0,NA,0,0,0,190982,167586,11866,0,0,143075,25,406600,0,9630,85121,347017,AFL-CIO
UMW,"MINE WORKERS, UNITED, AFL-CIO",60375,154548009,11950446,52942368,66038236,TRIANGLE,VA,LM-2,142597563,-13095868,2361.864397515528,-216.9087867494824,16,104,137810.4375,76491.96153846153,0.6967307692307693,0.04625,268,0.8247619047619048,10165527,1542040,342018,4285319,11771713,691191,458414,0,7340335,10358313,0,4889062,3135945,2656270,150487173,AFL-CIO
USFA,"UNITED SECURITY FORCES OF AMERICA, INTERNATIONAL ",109,59172,91008,68174,73402,ALLIANCE,OH,LM-3,-31836,-5228,-292.07339449541286,-47.96330275229358,2,0,0,NaN,NaN,NaN,0,NA,NA,NA,1500,NA,NA,NA,0,NA,0,68174,0,0,NA,54791,0,INDEP
USOA,UNITED SECURITY OFFICER ASSOCIATION,3,110,0,0,0,BALTIMORE,MD,LM-4,110,0,36.666666666666664,0,NA,NA,NA,NA,NA,NA,0,NA,NA,NA,NA,NA,NA,NA,NA,NA,NA,NA,NA,NA,NA,NA,NA,INDEP
USRPA,UNITED STATES RUGBY PLAYERS ASSOCIATION,200,735,0,15305,14570,EVANSTON,IL,LM-3,735,735,3.675,3.675,12,0,1063.6666666666667,NaN,NaN,NaN,0,NA,NA,NA,0,NA,NA,NA,0,NA,0,15305,0,0,NA,735,0,INDEP
USW,"STEELWORKERS, AFL-CIO",581810,1081408018,584011958,584907168,613062208,PITTSBURGH,PA,LM-2,497396060,-28155040,854.9115003179733,-48.39215551468693,20,976,181241.1,85116.5512295082,0.6382889344262295,0.10017418032786886,1779,0.7672693834757052,91715341,11820031,9650514,20495804,13983403,6151686,5938590,26512455,77435780,297959340,0,362327,24301741,139506996,748859524,AFL-CIO
USWU,"UNITED SERVICE WORKERS UNION, IUJAT",29536,33047824,2683151,27554661,23174273,BRIARWOOD,NY,LM-2,30364673,4380388,1028.0563718851572,148.306744312026,5,49,325868.8,111914.8163265306,0.9906122448979592,2.0408163265306123e-4,10,0.8301056338028169,9215496,20337,22928,680249,300246,694152,3413754,0,6644789,14044787,868256,1225715,1336068,25129496,4907564,INDEP
UWA,UNITED WORKERS OF AMERICA,1800,383798,0,356981,272587,ISLAND PARK,NY,LM-2,383798,84394,213.2211111111111,46.885555555555555,3,0,53600.666666666664,NaN,NaN,NaN,4,NA,121007,0,553,78209,18738,16799,0,0,37281,356981,0,0,0,383798,NA,INDEP
UWNE,UTILITY WORKERS COUNCIL,2275,122374,60253,406085,447317,BRAINTREE,MA,LM-2,62121,-41232,27.305934065934068,-18.123956043956046,NA,NA,NA,NA,NA,NA,8,0.5560439560439561,44100,0,2418,0,6211,0,394588,0,0,0,383730,0,102,122374,0,INDEP
UWU,UTILITY WORKERS AFL-CIO,45195,18105925,2716495,13597897,12759443,WASHINGTON,DC,LM-2,15389430,838454,340.51178227680055,18.55191946011727,30,23,47852.96428571428,157680.30434782608,0.5756521739130435,0.04043478260869565,170,NA,3196730,191707,82230,976816,4053251,285785,438699,0,1967891,0,12545562,45264,355512,5839562,10282755,AFL-CIO
WGAE,WRITERS GUILD EAST AFL-CIO,4765,13267873,1846911,8507774,7957027,NEW YORK,NY,LM-2,11420962,550747,2396.84407135362,115.58174186778594,26,33,8787,101831.15625,0.5742424242424242,0.0030303030303030303,0,NA,2215559,78514,235710,1936185,1924482,194420,105319,0,573389,6350193,0,553334,172051,1784286,8379281,AFL-CIO
WGAW,WRITERS GUILD WEST IND,23807,96328724,28912202,77625599,70893647,LOS ANGELES,CA,LM-2,67416522,6731952,2831.7940941739826,282.7719578275297,24,174,738,86311.63218390805,0.6363218390804598,0.011206896551724138,0,NA,50872251,417999,379530,10900122,1268017,1218510,0,0,3403454,33067867,0,1067235,1723869,48187996,27872194,INDEP
WISU,"FEDERATION OF SALARIED UNIONS, IND",1332,239531,4251,122296,56385,EAST PITTSBURGH,PA,LM-3,235280,65911,176.63663663663664,49.482732732732735,5,0,4577.4,NaN,NaN,NaN,0,NA,NA,NA,0,NA,NA,NA,0,NA,0,0,119124,0,NA,166633,57106,INDEP
WPPW,PULP AND PAPER WORKERS UBCJA ,4031,12832219,14096,2480802,2865170,PORTLAND,OR,LM-2,12818123,-384368,3179.886628628132,-95.35301414041182,15,7,68692.46666666666,41711.142857142855,0.21428571428571427,0,19,0.8037707764822625,780637,84269,13987,433454,399076,106219,0,0,533406,0,2050559,0,263000,2529208,9776154,INDEP
WU,"WORKERS UNITED, SEIU",84784,156530961,18041750,51739794,50849225,Philadelphia,PA,LM-2,138489211,890569,1633.435683619551,10.503974806567276,17,6,109884.4,44975.5,0.155,0.195,399,0.7770216078505379,1216454,165701,90805,2207577,201453,60647,12371,0,391244,4562,183246,0,606658,1043996,154871978,CTW
